db_code,db_name,db_category,db_subcategory,db_unit,excel_sheet,excel_row,excel_name_expected,db_status,db_ziel,xl_status,xl_ziel,drift_status,drift_ziel,scale_status,scale_ziel,verdict_status,verdict_ziel,oos_reason
1,Solarenergie,Solar,,-,2. Erneuerbare,5,Solarenergie,,,,,inf,inf,1.0,1.0,NO_MATCH,NO_MATCH,
10,Endenergieangebot aus erneuerbaren Quellen gesamt,Endenergie,Erneuerbare Quellen,,2. Erneuerbare,229,Endenergieangebot aus erneuerbaren Quellen gesamt,,,,,inf,inf,1.0,1.0,NO_MATCH,NO_MATCH,
10.1,Endenergie aus Erneuerbaren Q. gesamt,Endenergie,Erneuerbare Quellen,GWh/a,2. Erneuerbare,230,Endenergie aus Erneuerbaren Q. gesamt,391499.46025213203,1863869.0257823425,459452.05288486544,2061993.1821718658,0.14789920342299942,0.09608380769758033,1.0,1.0,DRIFT,DRIFT,
10.2,Strom,Endenergie,Erneuerbare Quellen,alle Anwendungsbereiche,2. Erneuerbare,12,Solarstrom,242606.15875803898,1005742.8543367749,,,inf,inf,1.0,1.0,NO_MATCH,NO_MATCH,
10.2.1,Stromverbrauch insgesamt,Endenergie,Erneuerbare Quellen,GWh/a,2. Erneuerbare,233,/ Stromverbrauch insgesamt,461869.2220968377,1005742.8543367754,467131.23274726106,1003827.9660048089,0.011264523289262354,0.0019039542003300874,1.0,1.0,DRIFT,DRIFT,
10.2.2,Anteil Erneuerb. an Stromverbrauch,Endenergie,Erneuerbare Quellen,%,2. Erneuerbare,234,Anteil Erneuerb.an Stromverbrauch,52.52702435044979,99.99999999999996,51.94300645264813,119.72293460100832,0.011118427229100485,0.16473814868251863,1.0,1.0,DRIFT,DRIFT,
10.3,Kraft/Licht/Inform.Komm.Tech./Kälte,Endenergie,Erneuerbare Quellen,KLIK,2. Erneuerbare,236,Kraft/Licht/Inform.Komm.Tech./Kälte (KLIK),172995.4884722678,312753.29999999993,171003.68337655472,374437.5035180524,0.011513624507221695,0.1647383153089486,1.0,1.0,DRIFT,DRIFT,
10.3.1,davon Strom,Endenergie,Erneuerbare Quellen,erneuerb. Anteil,2. Erneuerbare,237,davon Strom (erneuerb. Anteil),172995.4884722678,312753.29999999993,171003.68337655472,374437.5035180524,0.011513624507221695,0.1647383153089486,1.0,1.0,DRIFT,DRIFT,
10.4,Gebäudewärme,Endenergie,Erneuerbare Quellen,GW,2. Erneuerbare,10,Gebäudewärme,105664.95064129012,672112.3905601414,8448.999999999998,11515.25766892756,0.8749379208885192,0.41632883094422607,0.01,0.01,DRIFT_SCALE_0.01,DRIFT_SCALE_0.01,
10.4.1,davon Brennstoffe,Endenergie,Erneuerbare Quellen,GWh/a,2. Erneuerbare,240,davon Brennstoffe,88453.6052475208,0.0,88254.46556022266,0,0.0022513461914965166,0.0,1.0,1.0,DRIFT,EXACT,
10.4.1.1,davon Kohlenwasserstoffe,Endenergie,Erneuerbare Quellen,gasförmig,2. Erneuerbare,241,davon Kohlenwasserstoffe (gasförmig),0.0,0.0,0,0,0.0,0.0,1.0,1.0,EXACT,EXACT,
10.4.1.2,davon Kohlenwasserstoffe,Endenergie,Erneuerbare Quellen,flüssig,2. Erneuerbare,241,davon Kohlenwasserstoffe (gasförmig),0.0,0.0,0,0,0.0,0.0,1.0,1.0,EXACT,EXACT,
10.4.1.3,davon Kohlenwasserstoffe,Endenergie,Erneuerbare Quellen,fest,2. Erneuerbare,241,davon Kohlenwasserstoffe (gasförmig),88453.6052475208,0.0,0,0,1.0,0.0,1.0,1.0,DRIFT,EXACT,
10.4.2,davon Wärme,Endenergie,Erneuerbare Quellen,GWh/a,2. Erneuerbare,245,davon Wärme,0.0,534161.9572712373,66958.10440544847,536228.7194817524,1.0,0.0038542549763327734,1.0,1.0,DRIFT,DRIFT,
10.4.3,davon Strom,Endenergie,Erneuerbare Quellen,erneuerb. Anteil,2. Erneuerbare,237,davon Strom (erneuerb. Anteil),17211.345393769323,137950.43328890414,171003.68337655472,374437.5035180524,0.899351025346808,0.6315795506786,1.0,1.0,DRIFT,DRIFT,
10.5,Prozesswärme,Endenergie,Erneuerbare Quellen,PW,2. Erneuerbare,63,davon für Prozesswärme,63273.416894164184,490263.8743195712,21.33447833119341,100,0.6628208277912502,0.5097361256804288,0.001,0.0001,DRIFT_SCALE_0.001,DRIFT_SCALE_0.0001,
10.5.1,davon Brennstoffe,Endenergie,Erneuerbare Quellen,GWh/a,2. Erneuerbare,240,davon Brennstoffe,25653.094246572244,132746.51333457025,88254.46556022266,0,0.7093280880040318,1.0,1.0,1.0,DRIFT,DRIFT,
10.5.1.1,davon Kohlenwasserstoffe,Endenergie,Erneuerbare Quellen,gasförmig,2. Erneuerbare,241,davon Kohlenwasserstoffe (gasförmig),0.0,17154.151106885245,0,0,0.0,1.0,1.0,1.0,EXACT,DRIFT,
10.5.1.2,davon Wasserstoff,Endenergie,Erneuerbare Quellen,GWh/a,2. Erneuerbare,251,davon Wasserstoff,0.0,0.0,0,0,0.0,0.0,1.0,1.0,EXACT,EXACT,
10.5.1.3,davon Kohlenwasserstoffe,Endenergie,Erneuerbare Quellen,flüssig,2. Erneuerbare,241,davon Kohlenwasserstoffe (gasförmig),0.0,0.0,0,0,0.0,0.0,1.0,1.0,EXACT,EXACT,
10.5.1.4,davon Kohlenwasserstoffe,Endenergie,Erneuerbare Quellen,fest,2. Erneuerbare,241,davon Kohlenwasserstoffe (gasförmig),25653.094246572244,115592.362227685,0,0,1.0,1.0,1.0,1.0,DRIFT,DRIFT,
10.5.2,davon Wärme,Endenergie,Erneuerbare Quellen,GWh/a,2. Erneuerbare,245,davon Wärme,0.0,0.0,66958.10440544847,536228.7194817524,1.0,1.0,1.0,1.0,DRIFT,DRIFT,
10.5.3,davon Strom,Endenergie,Erneuerbare Quellen,erneuerb. Anteil,2. Erneuerbare,237,davon Strom (erneuerb. Anteil),37620.32264759194,357517.36098500097,171003.68337655472,374437.5035180524,0.7800028519575747,0.045188161907066225,1.0,1.0,DRIFT,DRIFT,
10.6,Mobile Anwendungen,Endenergie,Erneuerbare Quellen,GWh/a,2. Erneuerbare,258,Mobile Anwendungen,49565.604244409915,388739.4609026299,50522.98828388071,427711.43387668976,0.018949473734439556,0.09111744481746911,1.0,1.0,DRIFT,DRIFT,
10.6.1,davon Kraftstoffe,Endenergie,Erneuerbare Quellen,GWh/a,2. Erneuerbare,259,davon Kraftstoffe,34786.602,191217.70083976,35900.316471974984,191199.44330611522,0.031022413767421483,9.548035335945369e-05,1.0,1.0,DRIFT,PASS_COSMETIC,
10.6.1.1,davon Wasserstoff,Endenergie,Erneuerbare Quellen,FC-Traktion,2. Erneuerbare,251,davon Wasserstoff,0.0,0.0,0,0,0.0,0.0,1.0,1.0,EXACT,EXACT,
10.6.1.2,davon Kohlenwasserstoffe,Endenergie,Erneuerbare Quellen,gasförmig,2. Erneuerbare,241,davon Kohlenwasserstoffe (gasförmig),1085.7420000000002,91585.30083975999,0,0,1.0,1.0,1.0,1.0,DRIFT,DRIFT,
10.6.1.3,davon Kohlenwasserstoffe flüssig,Endenergie,Erneuerbare Quellen,Luftverkehr,2. Erneuerbare,252,davon Kohlenwasserstoffe (flüssig),33700.86,99632.4,0,0,1.0,1.0,1.0,1.0,DRIFT,DRIFT,
10.6.2,davon Strom,Endenergie,Erneuerbare Quellen,erneuerb. Anteil,2. Erneuerbare,237,davon Strom (erneuerb. Anteil),14779.00224440992,197521.76006286987,171003.68337655472,374437.5035180524,0.8842928091162339,0.4724840375041467,100.0,1.0,DRIFT_SCALE_100.0,DRIFT,
10.7,Brennstoffe,Endenergie,Erneuerbare Quellen,alle Anwendungsbereiche,2. Erneuerbare,48,Biogene Brennstoffe (fest),148893.30149409303,323964.21417433023,,,inf,inf,1.0,1.0,NO_MATCH,NO_MATCH,
10.7.1,davon Wasserstoff,Endenergie,Erneuerbare Quellen,GWh/a,2. Erneuerbare,251,davon Wasserstoff,0.0,0.0,0,0,0.0,0.0,1.0,1.0,EXACT,EXACT,
10.7.2,davon Kohlenwasserstoffe,Endenergie,Erneuerbare Quellen,gasförmig,2. Erneuerbare,241,davon Kohlenwasserstoffe (gasförmig),1085.7420000000002,108739.45194664523,0,0,1.0,1.0,1.0,1.0,DRIFT,DRIFT,
10.7.3,davon Kohlenwasserstoffe,Endenergie,Erneuerbare Quellen,flüssig,2. Erneuerbare,241,davon Kohlenwasserstoffe (gasförmig),33700.86,99632.4,0,0,1.0,1.0,1.0,1.0,DRIFT,DRIFT,
10.7.4,davon Kohlenwasserstoffe,Endenergie,Erneuerbare Quellen,fest,2. Erneuerbare,241,davon Kohlenwasserstoffe (gasförmig),114106.69949409305,115592.362227685,0,0,1.0,1.0,1.0,1.0,DRIFT,DRIFT,
10.8,Grundstoff Methan,Endenergie,Erneuerbare Quellen,stoffliche Verwendung,2. Erneuerbare,272,Grundstoff Methan (stoffliche Verwendung),0.0,76544.15,0,76544.50823642868,0.0,4.6801062145228355e-06,1.0,1.0,EXACT,PASS_COSMETIC,
10.9,Primärenergie-Einsatz Biobrennstoffe,Endenergie,Erneuerbare Quellen,GWh/a,2. Erneuerbare,274,Primärenergie-Einsatz Biobrennstoffe,,,,,inf,inf,1.0,1.0,NO_MATCH,NO_MATCH,
10.9.1,Brennstoffe,Endenergie,Erneuerbare Quellen,alle Anwendungsbereiche,2. Erneuerbare,48,Biogene Brennstoffe (fest),261372.34543048003,244929.87182768498,,,inf,inf,1.0,1.0,NO_MATCH,NO_MATCH,
10.9.1.1,davon Kohlenwasserstoffe,Endenergie,Erneuerbare Quellen,gasförmig,2. Erneuerbare,241,davon Kohlenwasserstoffe (gasförmig),92325.0,110596.9096,0,0,1.0,1.0,1.0,1.0,DRIFT,DRIFT,
10.9.1.2,davon Kohlenwasserstoffe,Endenergie,Erneuerbare Quellen,flüssig,2. Erneuerbare,241,davon Kohlenwasserstoffe (gasförmig),33928.020000000004,4302.6,0,0,1.0,1.0,1.0,1.0,DRIFT,DRIFT,
10.9.1.3,davon Kohlenwasserstoffe,Endenergie,Erneuerbare Quellen,fest,2. Erneuerbare,241,davon Kohlenwasserstoffe (gasförmig),135119.32543048,130030.362227685,0,0,1.0,1.0,1.0,1.0,DRIFT,DRIFT,
1.1,Solare Dachflächen,Solar,Dachflächen,ha,2. Erneuerbare,6,Solare Dachflächen,34243.0,199396.038908,34242.69,199398.4011935508,9.052945127403314e-06,1.1847063650761892e-05,1.0,1.0,PASS_COSMETIC,PASS_COSMETIC,
11,fossil fuel,fossil,,gwh/a,,,,70.0,70.0,,,,,1.0,1.0,NO_EXCEL_CELL_DOCUMENTED,NO_EXCEL_CELL_DOCUMENTED,NO_SECTION_MATCH: cat='fossil' sub='' name='fossil fuel' (fallback section walk did not find a row)
1.1.1,Solarthermie,Solar,Solarthermie,-,2. Erneuerbare,7,Solarthermie,132641.73084648,87627.957854937,,,inf,inf,1.0,1.0,NO_MATCH,NO_MATCH,
11.1,fossil wood,fossil,,Gwh/a,,,,80.0,90.0,,,,,1.0,1.0,NO_EXCEL_CELL_DOCUMENTED,NO_EXCEL_CELL_DOCUMENTED,NO_SECTION_MATCH: cat='fossil' sub='' name='fossil wood' (fallback section walk did not find a row)
1.1.1.1,Anteil an solaren Dachflächen,Solar,Dachflächen,%,2. Erneuerbare,8,Anteil an solaren Dachflächen,6.4,1.1,6.361941775018258,1.1,0.005946597653397195,0.0,1.0,1.0,DRIFT,EXACT,
1.1.1.1.1,Energieertrag,Solar,,MWh/ha/a,2. Erneuerbare,9,Energieertrag,3878.0,5250.0,3878.356667431719,5250,9.196354598174415e-05,0.0,1.0,1.0,PASS_COSMETIC,EXACT,
1.1.1.1.2,Gebäudewärme,Solar,,GWh/a,2. Erneuerbare,10,Gebäudewärme,8498.838656000002,11515.121246937,8448.999999999998,11515.25766892756,0.005864172508418958,1.1847063650789692e-05,1.0,1.0,DRIFT,PASS_COSMETIC,
1.1.2,Solarstrom,Solar,Solarstrom,-,2. Erneuerbare,12,Solarstrom,114220.68413793105,483416.2937742548,,,inf,inf,1.0,1.0,NO_MATCH,NO_MATCH,
11.2,fossil plastic,fossil,,gwh/a,,,,80.0,100.0,,,,,1.0,1.0,NO_EXCEL_CELL_DOCUMENTED,NO_EXCEL_CELL_DOCUMENTED,NO_SECTION_MATCH: cat='fossil' sub='' name='fossil plastic' (fallback section walk did not find a row)
1.1.2.1,Anteil an solaren Dachflächen (Strom),Solar,Dachflächen,%,2. Erneuerbare,8,Anteil an solaren Dachflächen,93.6,98.9,6.361941775018258,1.1,0.852875107459261,0.10090909090909089,0.01,0.01,DRIFT_SCALE_0.01,DRIFT_SCALE_0.01,
1.1.2.1.1,Energieertrag,Solar,,MWh/ha/a,2. Erneuerbare,9,Energieertrag,1383.0,1853.0,3878.356667431719,5250,0.6434056693099776,0.6470476190476191,1.0,1.0,DRIFT,DRIFT,
1.1.2.1.2,Bruttostromerzeugung,Solar,,GWh/a,2. Erneuerbare,15,Bruttostromerzeugung,44327.152583999996,365416.57063546224,44339.5105,365420.8998001215,0.0002787111508594765,1.1847063650774101e-05,1.0,1.0,PASS,PASS_COSMETIC,
1.1.2.1.2.1,Vollbetriebstunden jährlich,Solar,,h/a,2. Erneuerbare,16,/ Vollbetriebstunden jährlich,927.0,927.0,926.5,926.5,0.0005393743257820927,0.0005393743257820927,1.0,1.0,PASS,PASS,
1.1.2.1.2.2,Installierte Leistung,Solar,,MW,2. Erneuerbare,17,Installierte Leistung,47817.8560776699,394192.6328322139,47857,394410.03756084346,0.0008179351470024986,0.0005512149994307138,1.0,1.0,PASS,PASS,
11.3,total fossil,fossil,,gwh/a,,,,160.0,190.0,,,,,1.0,1.0,NO_EXCEL_CELL_DOCUMENTED,NO_EXCEL_CELL_DOCUMENTED,NO_SECTION_MATCH: cat='fossil' sub='' name='total fossil' (fallback section walk did not find a row)
11.4,fossil 5,fossil,,gwh/a,,,,160.0,,,,,,1.0,1.0,NO_EXCEL_CELL_DOCUMENTED,NO_EXCEL_CELL_DOCUMENTED,NO_SECTION_MATCH: cat='fossil' sub='' name='fossil 5' (fallback section walk did not find a row)
1.2,Solar genutzte Freiflächen,Solar,Freiflächen,ha,2. Erneuerbare,19,Solar genutzte Freiflächen,19628.0,684640.8016282017,19627.65,887749.85,1.78316690441484e-05,0.228790856311379,1.0,1.0,PASS_COSMETIC,DRIFT,
12,Naina,Renewable,,gwh/a,,,,160.0,,,,,,1.0,1.0,NO_EXCEL_CELL_DOCUMENTED,NO_EXCEL_CELL_DOCUMENTED,NO_SECTION_MATCH: cat='Renewable' sub='' name='Naina' (fallback section walk did not find a row)
1.2.1,Solarstrom,Solar,Solarstrom,-,2. Erneuerbare,12,Solarstrom,65093.948584,1214891.585294698,,,inf,inf,1.0,1.0,NO_MATCH,NO_MATCH,
1.2.1.1,Energieertrag,Solar,,MWh/ha/a,2. Erneuerbare,9,Energieertrag,922.0,1235.33333,3878.356667431719,5250,0.7622704462066516,0.7646984133333333,1.0,1.0,DRIFT,DRIFT,
1.2.1.2,Bruttostromerzeugung,Solar,,GWh/a,2. Erneuerbare,15,Bruttostromerzeugung,18097.016,845759.6013292358,44339.5105,365420.8998001215,0.5918535005026724,0.5679376276357859,1.0,1.0,DRIFT,DRIFT,
1.2.1.2.1,Vollbetriebstunden jährlich,Solar,,h/a,2. Erneuerbare,16,/ Vollbetriebstunden jährlich,927.0,927.0,926.5,926.5,0.0005393743257820927,0.0005393743257820927,1.0,1.0,PASS,PASS,
1.2.1.2.2,Installierte Leistung,Solar,,MW,2. Erneuerbare,17,Installierte Leistung,19522.131607335494,912362.0294813763,47857,394410.03756084346,0.5920736442456591,0.5677044585195614,1.0,1.0,DRIFT,DRIFT,
2.1,Onshore-Windstrom,Solar,Onshore,,2. Erneuerbare,27,Onshore-Windstrom,267722.61958400003,2578592.1435145442,,,inf,inf,1.0,1.0,NO_MATCH,NO_MATCH,
2.1.1,Windparkfläche,Solar,Onshore,ha,2. Erneuerbare,28,Windparkfläche,172556.0,715288.6652322228,172555.8,715289.0305038091,1.1590440205593635e-06,5.106629219316255e-07,1.0,1.0,PASS_COSMETIC,PASS_COSMETIC,
2.1.1.1,spezifischer Flächenbedarf,Solar,Onshore,ha/MW,2. Erneuerbare,29,spezifischer Flächenbedarf,2.9,3.8,2.9,3.8,0.0,0.0,1.0,1.0,EXACT,EXACT,
2.1.1.2,Installierte Leistung,Solar,Onshore,MW,2. Erneuerbare,17,Installierte Leistung,59502.06896551725,188233.85927163757,47857,394410.03756084346,0.1957086395141288,0.5227457687544279,1.0,1.0,DRIFT,DRIFT,
2.1.1.2.1,Vollbetriebstunden jährlich,Solar,Onshore,h/a,2. Erneuerbare,16,/ Vollbetriebstunden jährlich,1874.0,2550.0,926.5,926.5,0.5056029882604055,0.6366666666666667,1.0,1.0,DRIFT,DRIFT,
2.1.1.2.2,Bruttostromerzeugung jährlich,Solar,Onshore,GWh/a,2. Erneuerbare,15,Bruttostromerzeugung,111506.87724137932,479996.34114267584,44339.5105,365420.8998001215,0.6023607548078123,0.23870065565457618,1.0,1.0,DRIFT,DRIFT,
2.1.1.2.3,Energieertrag,Solar,Onshore,MWh/ha/a,2. Erneuerbare,9,Energieertrag,646.2068965517242,671.0526315789474,3878.356667431719,5250,0.8333812611980197,0.8721804511278195,1.0,1.0,DRIFT,DRIFT,
2.2,Offshore-Windstrom,Solar,Offshore,,2. Erneuerbare,34,Offshore-Windstrom,8337.0,70000.0,,,inf,inf,1.0,1.0,NO_MATCH,NO_MATCH,
2.2.1,Install. Offshore-Leistung Deutschland,Solar,Offshore,MW,2. Erneuerbare,35,Install. Offshore-Leistung Deutschland,8337.0,70000.0,8337,70000,0.0,0.0,1.0,1.0,EXACT,EXACT,
2.2.1.1,Vollbetriebstunden jährlich,Solar,Offshore,h/a,2. Erneuerbare,16,/ Vollbetriebstunden jährlich,2823.0,3232.0,926.5,926.5,0.6718030464045341,0.7133353960396039,1.0,1.0,DRIFT,DRIFT,
2.2.1.2,Bruttostromerzeugung Deutschland,Solar,Offshore,GWh/a,2. Erneuerbare,37,Bruttostromerzeugung Deutschland,23535.351,226240.0,23535.351,226240,0.0,0.0,1.0,1.0,EXACT,EXACT,
2.2.1.2.1,Einwohner Deutschland,Solar,Offshore,,2. Erneuerbare,38,/ Einwohner Deutschland,84669326.0,84669326.0,84669326,84669326,0.0,0.0,1.0,1.0,EXACT,EXACT,
2.2.1.2.2,Energieverbraucher Deutschland 100%EE,Solar,Offshore,,2. Erneuerbare,39,Energieverbraucher Deutschland 100%EE,84669326.0,84669326.0,84669326,84669326,0.0,0.0,1.0,1.0,EXACT,EXACT,
2.2.1.2.3,Bruttostromerz.Anteil Deutschland 100%EE,Solar,Offshore,GWh/a,2. Erneuerbare,40,Bruttostromerz.Anteil Deutschland 100%EE,23535.350999999995,226239.99999999997,23535.350999999995,226239.99999999997,0.0,0.0,1.0,1.0,EXACT,EXACT,
3.,Laufwasser,Solar,Laufwasser,,2. Erneuerbare,42,Laufwasser,39949342.27816993,42301794.86816328,,,inf,inf,1.0,1.0,NO_MATCH,NO_MATCH,
3.1,Bodenfläche Nds.,Solar,Laufwasser,ha,2. Erneuerbare,43,Bodenfläche Nds.,35759529.0,35759529.0,35759529,35759529,0.0,0.0,1.0,1.0,EXACT,EXACT,
3.1.1,Nutzanteil am techn. Potenzial,Solar,Laufwasser,%,2. Erneuerbare,44,Nutzanteil am techn. Potenzial,79.0,79.0,79.01899631414801,79.01899631414801,0.0002404018658056639,0.0002404018658056639,1.0,1.0,PASS,PASS,
3.1.1.1,Energieertrag (techn. Potenzial),Solar,Laufwasser,MWh/ha/a,2. Erneuerbare,45,Energieertrag (techn.Potenzial),0.69,0.69,0.6904173709894221,0.6904173709894221,0.0006045198266434954,0.0006045198266434954,1.0,1.0,PASS,PASS,
3.1.1.2,Bruttostromerzeugung,Solar,Laufwasser,GWh/a,2. Erneuerbare,15,Bruttostromerzeugung,19492.5192579,19492.5192579,44339.5105,365420.8998001215,0.5603803687029878,0.8125327491201414,1.0,100.0,DRIFT,DRIFT_SCALE_100.0,
4.,Biogene Brennstoffe (fest),Solar,Biogene Brennstoffe,,2. Erneuerbare,48,Biogene Brennstoffe (fest),47659883.00765544,47934441.2626911,,,inf,inf,1.0,1.0,NO_MATCH,NO_MATCH,
4.1,Energieholz,Solar,Energieholz,,2. Erneuerbare,49,Energieholz,10086723.667438,9472655.639714886,,,inf,inf,1.0,1.0,NO_MATCH,NO_MATCH,
4.1.1,Aus Forstwirtschaft,Solar,Energieholz,,2. Erneuerbare,50,Aus Forstwirtschaft,9866633.0,9373000.0,,,inf,inf,1.0,1.0,NO_MATCH,NO_MATCH,
4.1.1.1,Nutzbare Forstfläche,Solar,Energieholz,ha,2. Erneuerbare,51,Nutzbare Forstfläche,9866633.0,9373000.0,9866633,9373000,0.0,0.0,1.0,1.0,EXACT,EXACT,
4.1.1.1.1,Energet. genutzter Anteil am Zuwachs,Solar,Energieholz,%,2. Erneuerbare,52,Energet.genutzter Anteil am Zuwachs,53.6,33.2,53.62904409218901,33.241067207024656,0.0005415739303330444,0.0012354358772204183,1.0,1.0,PASS,DRIFT,
4.1.1.1.1.1,Energieertrag,Solar,Energieholz,MWh/ha/a,2. Erneuerbare,9,Energieertrag,22.71,22.728,3878.356667431719,5250,0.4144427151142147,0.5670857142857143,100.0,100.0,DRIFT_SCALE_100.0,DRIFT_SCALE_100.0,
4.1.1.1.1.2,Energieholzaufkommen,Solar,Energieholz,GWh/a,2. Erneuerbare,54,Energieholzaufkommen,120102.18219047999,70725.808608,120114.3478370475,70726.05470543735,0.00010128387479590004,3.4795866723212517e-06,1.0,1.0,PASS,PASS_COSMETIC,
4.1.2,"Aus Ackerbau (KUP, Miscanthus usw.)",Solar,Energieholz,,2. Erneuerbare,56,"Aus Ackerbau (KUP, Miscanthus usw.)",11200.0,11200.0,,,inf,inf,1.0,1.0,NO_MATCH,NO_MATCH,
4.1.2.1,Anbaufläche,Solar,Energieholz,ha,2. Erneuerbare,57,Anbaufläche,11200.0,11200.0,11200,11200,0.0,0.0,1.0,1.0,EXACT,EXACT,
4.1.2.1.1,Energieertrag,Solar,Energieholz,MWh/ha/a,2. Erneuerbare,9,Energieertrag,29.9,51.4,3878.356667431719,5250,0.22905491774174455,0.02095238095238095,100.0,100.0,DRIFT_SCALE_100.0,DRIFT_SCALE_100.0,
4.1.2.1.2,Energieholzaufkommen,Solar,Energieholz,GWh/a,2. Erneuerbare,54,Energieholzaufkommen,334.88,575.68,120114.3478370475,70726.05470543735,0.6413212260002165,0.18604253779231059,1000.0,100.0,DRIFT_SCALE_1000.0,DRIFT_SCALE_100.0,
4.1.3,Energieholzaufkommen gesamt,Solar,Energieholz,GWh/a,2. Erneuerbare,61,Energieholzaufkommen gesamt,120437.06219047999,71301.488608,120448.97316004492,71301.61026099291,9.888809553484096e-05,1.7061745514948692e-06,1.0,1.0,PASS_COSMETIC,PASS_COSMETIC,
4.1.3.1,davon für Gebäudewärme,Solar,Energieholz,%,2. Erneuerbare,62,davon für Gebäudewärme,73.3,0.0,73.27124776975538,0,0.00039225416431951695,0.0,1.0,1.0,PASS,EXACT,
4.1.3.2,davon für Prozesswärme,Solar,Energieholz,%,2. Erneuerbare,63,davon für Prozesswärme,21.300000000000004,100.0,21.33447833119341,100,0.0016160850365389038,0.0,1.0,1.0,DRIFT,EXACT,
4.1.3.3,davon für Verstromung,Solar,Energieholz,%,2. Erneuerbare,64,davon für Verstromung,5.4,0.0,5.394273899051208,0,0.001060389064591214,0.0,1.0,1.0,DRIFT,EXACT,
4.1.3.4,davon für Wärmenetze GW,Solar,Energieholz,%,2. Erneuerbare,65,davon für Wärmenetze GW,0.0,0.0,0,0,0.0,0.0,1.0,1.0,EXACT,EXACT,
4.2,Stroh aus Getreideanbau,Solar,Stroh,,2. Erneuerbare,67,Stroh aus Getreideanbau,6128961.64905,5631325.0,,,inf,inf,1.0,1.0,NO_MATCH,NO_MATCH,
4.2.1,Getreide-Anbaufläche,Solar,Stroh,ha,2. Erneuerbare,68,Getreide-Anbaufläche,6076200.0,5631255.0,6076200,5631254.918074889,0.0,1.4548286463934127e-08,1.0,1.0,EXACT,PASS_COSMETIC,
4.2.1.1,Energet. genutzter Teil am Strohanfall,Solar,Stroh,%,,,,0.2,33.0,,,,,1.0,1.0,NO_EXCEL_CELL_DOCUMENTED,NO_EXCEL_CELL_DOCUMENTED,NO_SECTION_MATCH: cat='Solar' sub='Stroh' name='Energet. genutzter Teil am Strohanfall' (fallback section walk did not find a row)
4.2.1.1.1,Energieertrag,Solar,Stroh,MWh/ha/a,2. Erneuerbare,9,Energieertrag,20.1,23.8339,3878.356667431719,5250,0.4817392590839152,0.5460209523809524,100.0,100.0,DRIFT_SCALE_100.0,DRIFT_SCALE_100.0,
4.2.1.1.2,Strohbrennstoff-Aufkommen,Solar,Stroh,GWh/a,2. Erneuerbare,71,Strohbrennstoff-Aufkommen,244.26324000000002,44290.87361968499,243.92361111111106,44289.819930659,0.0013904216159949696,2.3790206421255026e-05,1.0,1.0,DRIFT,PASS_COSMETIC,
4.2.1.1.2.1,davon für Gebäudewärme,Solar,Stroh,%,2. Erneuerbare,62,davon für Gebäudewärme,0.0,0.0,73.27124776975538,0,1.0,0.0,1.0,1.0,DRIFT,EXACT,
4.2.1.1.2.2,davon für Prozesswärme,Solar,Stroh,%,2. Erneuerbare,63,davon für Prozesswärme,0.0,100.0,21.33447833119341,100,1.0,0.0,1.0,1.0,DRIFT,EXACT,
4.2.1.1.2.3,davon für Verstromung,Solar,Stroh,%,2. Erneuerbare,64,davon für Verstromung,100.0,0.0,5.394273899051208,0,0.8146182380216384,0.0,0.01,1.0,DRIFT_SCALE_0.01,EXACT,
4.2.1.1.2.4,davon für Wärmenetze GW,Solar,Stroh,%,2. Erneuerbare,65,davon für Wärmenetze GW,0.0,0.0,0,0,0.0,0.0,1.0,1.0,EXACT,EXACT,
4.3,Brennstoffaufkommen (fest) NAWARO gesamt,Solar,NAWARO gesamt,GWh/a,,,,120681.32543047999,115592.362227685,,,,,1.0,1.0,NO_EXCEL_CELL_DOCUMENTED,NO_EXCEL_CELL_DOCUMENTED,NO_SECTION_MATCH: cat='Solar' sub='NAWARO gesamt' name='Brennstoffaufkommen (fest) NAWARO gesamt' (fallback section walk did not find a row)
4.3.1,davon Einsatz für Gebäudewärme,Solar,NAWARO gesamt,GWh/a,2. Erneuerbare,79,davon Einsatz für Gebäudewärme,88453.6052475208,0.0,88254.46556022266,0,0.0022513461914965166,0.0,1.0,1.0,DRIFT,EXACT,
4.3.2,davon Einsatz für Prozesswärme,Solar,NAWARO gesamt,GWh/a,2. Erneuerbare,81,davon Einsatz für Prozesswärme,25653.094246572244,115592.362227685,25697.16007897475,115591.43019165192,0.0017148133205023143,8.063128178304583e-06,1.0,1.0,DRIFT,PASS_COSMETIC,
4.3.3,davon Einsatz für Verstromung,Solar,NAWARO gesamt,GWh/a,2. Erneuerbare,83,davon Einsatz für Verstromung,6747.86459828592,0.0,6741.271131958609,0,0.0009771189435226508,0.0,1.0,1.0,PASS,EXACT,
4.3.3.1,Nutzungsgrad Kraftwerk,Solar,NAWARO gesamt,%,2. Erneuerbare,84,Nutzungsgrad Kraftwerk,25.0,35.0,25,35,0.0,0.0,1.0,1.0,EXACT,EXACT,
4.3.3.2,Bruttostromerzeugung,Solar,NAWARO gesamt,GWh/a,2. Erneuerbare,15,Bruttostromerzeugung,1686.96614957148,0.0,44339.5105,365420.8998001215,0.737164195551505,1.0,100.0,1.0,DRIFT_SCALE_100.0,DRIFT,
4.3.3.3,Nutzungsgrad KWK-Abwärme effektiv,Solar,NAWARO gesamt,%,2. Erneuerbare,86,Nutzungsgrad KWK-Abwärme effektiv,45.0,45.0,45,45,0.0,0.0,1.0,1.0,EXACT,EXACT,
4.3.3.4,Wärmenetze GW (Endenergie),Solar,NAWARO gesamt,GWh/a,2. Erneuerbare,87,Wärmenetze GW (Endenergie),3036.539069228664,0.0,3033.572009381374,0,0.0009771189435227705,0.0,1.0,1.0,PASS,EXACT,
4.3.4,davon Einsatz für Heizwerke/Wärmenetze,Solar,NAWARO gesamt,GWh/a,,,,0.0,0.0,,,,,1.0,1.0,NO_EXCEL_CELL_DOCUMENTED,NO_EXCEL_CELL_DOCUMENTED,NO_SECTION_MATCH: cat='Solar' sub='NAWARO gesamt' name='davon Einsatz für Heizwerke/Wärmenetze' (fallback section walk did not find a row)
4.3.4.1,Nutzungsgrad Heizwerk/Wärmenetz,Solar,NAWARO gesamt,%,2. Erneuerbare,90,Nutzungsgrad Heizwerk/Wärmenetz,75.0,75.0,75,75,0.0,0.0,1.0,1.0,EXACT,EXACT,
4.3.4.2,Wärmenetze GW (Endenergie),Solar,NAWARO gesamt,GWh/a,2. Erneuerbare,87,Wärmenetze GW (Endenergie),0.0,0.0,3033.572009381374,0,1.0,0.0,1.0,1.0,DRIFT,EXACT,
4.4,Biogener Anteil der Abfälle (fest),Solar,Biogener Anteil Abfälle,,2. Erneuerbare,93,Biogener Anteil der Abfälle (fest),14438.0,14438.0,14438,14438,0.0,0.0,1.0,1.0,EXACT,EXACT,
4.4.1,Bruttostromerzeugung,Solar,Biogener Anteil Abfälle,GWh/a,2. Erneuerbare,15,Bruttostromerzeugung,4525.0,4525.0,44339.5105,365420.8998001215,0.8979465504022648,0.19244000044172047,1.0,100.0,DRIFT,DRIFT_SCALE_100.0,
4.4.2,Wärmenetze GW (Endenergie),Solar,Biogener Anteil Abfälle,GWh/a,2. Erneuerbare,87,Wärmenetze GW (Endenergie),9913.0,9913.0,3033.572009381374,0,0.6939804287923561,1.0,1.0,1.0,DRIFT,DRIFT,
5,,Biogas,,,,,,,,,,,,1.0,1.0,NO_EXCEL_CELL_DOCUMENTED,NO_EXCEL_CELL_DOCUMENTED,EMPTY_DB_NAME — cannot match without name
5.1,Anbaufläche Energiepflanzen für Biogas,Biogas,Main,ha,2. Erneuerbare,98,Anbaufläche Energiepflanzen für Biogas,1410000.0,1307000.0,1410000,1307000,0.0,0.0,1.0,1.0,EXACT,EXACT,
5.1.1,Biogas – Methanertrag,Biogas,Main,MWh/ha/a,2. Erneuerbare,99,Biogas - Methanertrag,50.9,40.7528,50.94089834515367,40.75271867612294,0.0008028587339893706,1.995540847790436e-06,1.0,1.0,PASS,PASS_COSMETIC,
5.1.2,Biogas aus Energiepflanzen-Anbau,Biogas,Main,GWh/a,2. Erneuerbare,100,+ Biogas aus Energiepflanzen-Anbau,71769.0,53263.9096,71826.66666666667,53263.80330969268,0.0008028587339893008,1.9955408477558853e-06,1.0,1.0,PASS,PASS_COSMETIC,
5.2,Biogas aus Abfall-/Reststoffverwertung,Biogas,Main,GWh/a,2. Erneuerbare,102,+ Biogas aus Abfall-/Reststoffverwertung,15998.0,44571.0,15997.66081871345,44571.22807017545,2.120148059446361e-05,5.116982082942454e-06,1.0,1.0,PASS_COSMETIC,PASS_COSMETIC,
5.3,Biogas aus Kläranlagen und Deponien,Biogas,Main,GWh/a,2. Erneuerbare,103,+ Biogas aus Kläranlagen und Deponien,4558.0,12762.0,4557.894736842105,12762.105263157895,2.3094154869465565e-05,8.24810293634715e-06,1.0,1.0,PASS_COSMETIC,PASS_COSMETIC,
5.4,Biogasaufkommen insgesamt,Biogas,Main,GWh/a,2. Erneuerbare,104,Biogasaufkommen insgesamt,92325.0,110596.9096,92382.22222222223,110597.13664302602,0.0006194072933706603,2.052883401112668e-06,1.0,1.0,PASS,PASS_COSMETIC,
5.4.1,davon Einsatz für Prozesswärme,Biogas,Main,%,2. Erneuerbare,81,davon Einsatz für Prozesswärme,0.0,15.510515772029533,25697.16007897475,115591.43019165192,1.0,0.2547544395647979,1.0,10000.0,DRIFT,DRIFT_SCALE_10000.0,
5.4.1.1,Biogas für Prozesswärme,Biogas,Main,GWh/a,2. Erneuerbare,106,Biogas für Prozesswärme,0.0,17154.151106885245,0,17161.289945777084,0.0,0.00041598498215428156,1.0,1.0,EXACT,PASS,
5.4.2,davon für Verstromung,Biogas,Main,%,2. Erneuerbare,64,davon für Verstromung,96.1,0.0,5.394273899051208,0,0.8218481267387944,0.0,0.01,1.0,DRIFT_SCALE_0.01,EXACT,
5.4.2.1,Nutzungsgrad Kraftwerk,Biogas,Main,%,2. Erneuerbare,84,Nutzungsgrad Kraftwerk,37.5,45.0,25,35,0.3333333333333333,0.2222222222222222,1.0,1.0,DRIFT,DRIFT,
5.4.2.2,Bruttostromerzeugung,Biogas,Main,GWh/a,2. Erneuerbare,85,Bruttostromerzeugung,33271.621875,0.0,1685.3177829896522,0,0.8025795359734581,0.0,0.01,1.0,DRIFT_SCALE_0.01,EXACT,
5.4.2.3,Nutzungsgrad KWK-Abwärme effektiv,Biogas,Main,%,2. Erneuerbare,86,Nutzungsgrad KWK-Abwärme effektiv,21.9,25.0,45,45,0.5133333333333334,0.4444444444444444,1.0,1.0,DRIFT,DRIFT,
5.4.2.4,Gebäudewärme (Endenergie),Biogas,Main,GWh/a,2. Erneuerbare,112,Gebäudewärme (Endenergie),19430.627174999998,0.0,19431.7392172003,0,5.7228135262136095e-05,0.0,1.0,1.0,PASS_COSMETIC,EXACT,
5.4.3,davon Biomethan für mobile Anwendungen,Biogas,Main,%,2. Erneuerbare,114,davon Biomethan für mobile Anwendungen,1.2,84.5,1.2498871057044014,84.48306125576423,0.039913289349670096,0.0002004585116659542,1.0,1.0,DRIFT,PASS,
5.4.3.1,Nutzungsgrad Kraftstoffbereitstellung,Biogas,Main,%,2. Erneuerbare,115,Nutzungsgrad Kraftstoffbereitstellung,98.0,98.0,98,98,0.0,0.0,1.0,1.0,EXACT,EXACT,
5.4.3.2,Biokraftstoff (gasförmig),Biogas,Main,GWh/a,2. Erneuerbare,116,Biokraftstoff (gasförmig),1085.7420000000002,91585.30083975999,1131.580013848367,91567.12976330396,0.040507974060514866,0.0001984060355691709,1.0,1.0,DRIFT,PASS,
5.4.4,davon Flüssigkraftstoff für mobile Anwendungen,Biogas,Main,%,2. Erneuerbare,258,Mobile Anwendungen,2.7,0.0,50522.98828388071,427711.43387668976,0.4655898054111278,1.0,10000.0,1.0,DRIFT_SCALE_10000.0,DRIFT,
5.4.4.1,Nutzungsgrad Kraftstofferzeugung,Biogas,Main,%,2. Erneuerbare,119,Nutzungsgrad Kraftstofferzeugung,45.0,45.0,45,45,0.0,0.0,1.0,1.0,EXACT,EXACT,
5.4.4.2,Biokraftstoff (flüssig),Biogas,Main,GWh/a,2. Erneuerbare,120,Biokraftstoff (flüssig),1121.74875,0.0,1103.7364581266124,0,0.016057331798575696,0.0,1.0,1.0,DRIFT,EXACT,
6,Biogene Brennstoffe (flüssig),Biogene Brennstoffe (flüssig),Main,,2. Erneuerbare,122,Biogene Brennstoffe (flüssig),,,,,inf,inf,1.0,1.0,NO_MATCH,NO_MATCH,
6.1,Biodiesel (inkl. Pflanzenöl),Biogene Brennstoffe (flüssig),Biodiesel,,2. Erneuerbare,123,Biodiesel (inkl. Pflanzenöl),738429.602,498520.30083976,,,inf,inf,1.0,1.0,NO_MATCH,NO_MATCH,
6.1.1,Anbaufläche Ölpflanzen für Biodiesel,Biogene Brennstoffe (flüssig),Biodiesel Anbau,ha,2. Erneuerbare,124,Anbaufläche Ölpflanzen für Biodiesel,665000.0,303000.0,665000,303000,0.0,0.0,1.0,1.0,EXACT,EXACT,
6.1.1.1,Biodiesel – Energieertrag,Biogene Brennstoffe (flüssig),Biodiesel Details,MWh/ha/a,2. Erneuerbare,125,Biodiesel - Energieertrag,17.8,14.2,17.75,14.200000000000001,0.0028089887640449836,1.2509555207044015e-16,1.0,1.0,DRIFT,PASS_COSMETIC,
6.1.1.2,Biodiesel aus eigenem Anbau,Biogene Brennstoffe (flüssig),Biodiesel Details,GWh/a,2. Erneuerbare,126,+ Biodiesel aus eigenem Anbau,11837.0,4302.6,11803.75,4302.6,0.0028089887640449437,0.0,1.0,1.0,DRIFT,EXACT,
6.1.2,Biodiesel aus Import (+) / Export (-),Biogene Brennstoffe (flüssig),Biodiesel Anbau,GWh/a,2. Erneuerbare,128,+ Biodiesel aus Import (+) / Export (-),13403.0,0.0,13402.583333333332,0,3.108756746011187e-05,0.0,1.0,1.0,PASS_COSMETIC,EXACT,
6.1.3,Biodiesel Gesamtaufkommen,Biogene Brennstoffe (flüssig),Biodiesel Anbau,GWh/a,2. Erneuerbare,129,Biodiesel Gesamtaufkommen,25240.0,4302.6,25206.333333333332,4302.6,0.0013338615953513422,0.0,1.0,1.0,DRIFT,EXACT,
6.1.3.1,davon Einsatz für mobile Anwendungen,Biogene Brennstoffe (flüssig),Biodiesel Details,%,2. Erneuerbare,130,davon Einsatz für mobile Anwendungen,99.1,100.0,99.07430672185562,100,0.00025926617703707084,0.0,1.0,1.0,PASS,EXACT,
6.1.3.1.1,Biokraftstoff (flüssig),Biogene Brennstoffe (flüssig),Biodiesel Details,GWh/a,2. Erneuerbare,120,Biokraftstoff (flüssig),25012.84,4302.6,1103.7364581266124,0,0.773380322668197,1.0,0.01,1.0,DRIFT_SCALE_0.01,DRIFT,
6.1.3.2,davon Einsatz für Verstromung,Biogene Brennstoffe (flüssig),Biodiesel Details,%,2. Erneuerbare,133,davon Einsatz für Verstromung,0.9,0.0,0.9256932781443816,0,0.027755714285714182,0.0,1.0,1.0,DRIFT,EXACT,
6.1.3.2.1,Nutzungsgrad Blockheizkraftwerk,Biogene Brennstoffe (flüssig),Biodiesel Details,%,2. Erneuerbare,134,Nutzungsgrad Blockheizkraftwerk,39.0,39.0,39,39,0.0,0.0,1.0,1.0,EXACT,EXACT,
6.1.3.2.2,Bruttostromerzeugung,Biogene Brennstoffe (flüssig),Biodiesel Details,GWh/a,2. Erneuerbare,135,Bruttostromerzeugung,88.5924,0.0,91,0,0.02645714285714288,0.0,1.0,1.0,DRIFT,EXACT,
6.1.3.2.3,Nutzungsgrad KWK-Abwärme effektiv,Biogene Brennstoffe (flüssig),Biodiesel Details,%,2. Erneuerbare,136,Nutzungsgrad KWK-Abwärme effektiv,50.0,50.0,50,50,0.0,0.0,1.0,1.0,EXACT,EXACT,
6.1.3.2.4,Gebäudewärme (Endenergie),Biogene Brennstoffe (flüssig),Biodiesel Details,GWh/a,2. Erneuerbare,137,Gebäudewärme (Endenergie),113.58000000000001,0.0,116.66666666666666,0,0.026457142857142672,0.0,1.0,1.0,DRIFT,EXACT,
6.2,Bioethanol,Biogene Brennstoffe (flüssig),Bioethanol,,2. Erneuerbare,139,Bioethanol,0.0,0.0,,,inf,inf,1.0,1.0,NO_MATCH,NO_MATCH,
6.2.1,Anbaufläche Energiepflanzen für Bioethanol,Biogene Brennstoffe (flüssig),Bioethanol Anbau,ha,2. Erneuerbare,57,Anbaufläche,216200.0,0.0,11200,11200,0.8069642857142857,1.0,0.01,1.0,DRIFT_SCALE_0.01,DRIFT,
6.2.1.1,Bioethanol – Energieertrag (brutto),Biogene Brennstoffe (flüssig),Bioethanol Details,MWh/ha/a,2. Erneuerbare,141,Bioethanol - Energieertrag (brutto),17.1,13.7,17.1171,13.69368,0.000999000999000954,0.000461313868613049,1.0,1.0,PASS,PASS,
6.2.1.2,Bioethanol aus eigenem Anbau,Biogene Brennstoffe (flüssig),Bioethanol Details,GWh/a,2. Erneuerbare,142,+ Bioethanol aus eigenem Anbau,3697.0200000000004,0.0,3700.71702,0,0.0009990009990008938,0.0,1.0,1.0,PASS,EXACT,
6.2.2,Bioethanol aus Import (+) / Export (-),Biogene Brennstoffe (flüssig),Bioethanol Anbau,GWh/a,2. Erneuerbare,144,+ Bioethanol aus Import (+) / Export (-),4991.0,0.0,4991.28298,0,5.669484201433762e-05,0.0,1.0,1.0,PASS_COSMETIC,EXACT,
6.2.3,Bioethanol gesamt – Mobile Anwendungen,Biogene Brennstoffe (flüssig),Bioethanol Anbau,GWh/a,2. Erneuerbare,139,Bioethanol,8688.02,0.0,,,inf,inf,1.0,1.0,NO_MATCH,NO_MATCH,
7,Umgebungswärme (Wärmepumpe),Umgebungswärme,Wärmepumpe,,2. Erneuerbare,147,Umgebungswärme (Wärmepumpe),,,,,inf,inf,1.0,1.0,NO_MATCH,NO_MATCH,
7.1,Wärmepumpen-Antriebsstromaufnahme,Umgebungswärme,Wärmepumpe,GWh/a,2. Erneuerbare,148,Wärmepumpen-Antriebsstromaufnahme,256726.09350785078,137950.4332889042,10108,136021.07481527407,0.7460169237160162,0.013985881940577507,0.01,1.0,DRIFT_SCALE_0.01,DRIFT,
7.1.1,davon Anlagen mit Luftkopplung,Umgebungswärme,Wärmepumpe,%,2. Erneuerbare,149,davon Anlagen mit Luftkopplung,71.2,92.23333,71.1605495181464,92.2279792746114,0.0005540798013146957,5.8012926439882186e-05,1.0,1.0,PASS,PASS_COSMETIC,
7.1.2,WP-Luft – Antriebsstromaufnahme,Umgebungswärme,Wärmepumpe,GWh/a,2. Erneuerbare,150,WP-Luft - Antriebsstromaufnahme,182788.97857758976,127236.27837178485,7192.908345294238,125449.48868973464,0.7458761188064152,0.014043083505077072,0.01,1.0,DRIFT_SCALE_0.01,DRIFT,
7.1.2.1,WP-Luft – Jahresarbeitszahl,Umgebungswärme,Wärmepumpe,,2. Erneuerbare,151,WP-Luft - Jahresarbeitszahl,3.2,4.2,3.2355568361907507,4.2,0.010989402440110412,0.0,1.0,1.0,DRIFT,EXACT,
7.1.2.2,Nutzwärme (inkl. Antriebsstrom),Umgebungswärme,Wärmepumpe,GWh/a,2. Erneuerbare,152,Nutzwärme (inkl. Antriebsstrom),584924.7314482873,534392.3691614964,23273.06376871027,526887.8524968856,0.7486687884064943,0.014043083505076995,0.01,1.0,DRIFT_SCALE_0.01,DRIFT,
7.1.2.3,davon Wärmgewinn aus der Luft,Umgebungswärme,Wärmepumpe,GWh/a,2. Erneuerbare,153,davon Wärmgewinn aus der Luft,402135.7528706975,407156.09078971157,16080.155423416034,401438.3638071509,0.749917993774423,0.014043083505077042,0.01,1.0,DRIFT_SCALE_0.01,DRIFT,
7.1.3,davon Anlagen mit Erdreich-/Wasserkopplung,Umgebungswärme,Wärmepumpe,%,,,,28.8,7.8,,,,,1.0,1.0,NO_EXCEL_CELL_DOCUMENTED,NO_EXCEL_CELL_DOCUMENTED,NO_SECTION_MATCH: cat='Umgebungswärme' sub='Wärmepumpe' name='davon Anlagen mit Erdreich-/Wasserkopplung' (fallback section walk did not find a row)
7.1.4,Biogene Kraftstoffe (Wärme),EE,,MWh,,,,73937.11493026103,10760.133796534526,,,,,1.0,1.0,NO_EXCEL_CELL_DOCUMENTED,NO_EXCEL_CELL_DOCUMENTED,NO_SECTION_MATCH: cat='EE' sub='' name='Biogene Kraftstoffe (Wärme)' (fallback section walk did not find a row)
7.1.4.1,WP-Erdr./Wasser – Jahresarbeitszahl,Umgebungswärme,Wärmepumpe,,2. Erneuerbare,157,WP-Erdr.-/Wasser - Jahresarbeitszahl,3.8,4.9,3.7913259864912905,4.9,0.0022826351338708774,0.0,1.0,1.0,DRIFT,EXACT,
7.1.4.2,Nutzwärme (inkl. Antriebsstrom),Umgebungswärme,Wärmepumpe,GWh/a,2. Erneuerbare,152,Nutzwärme (inkl. Antriebsstrom),280961.0367349919,52724.655603019186,23273.06376871027,526887.8524968856,0.8792763000491868,0.8999319203258139,0.01,1.0,DRIFT_SCALE_0.01,DRIFT,
7.1.4.3,davon Wärmgewinn Erdreich/Grundwasser,Umgebungswärme,Wärmepumpe,GWh/a,2. Erneuerbare,159,davon Wärmgewinn Erdreich/Grundwasser,207023.92180473084,41964.521806484656,8136.971088784088,41229.1858896038,0.7455761860944912,0.017522799861077496,0.01,1.0,DRIFT_SCALE_0.01,DRIFT,
7.1.4.3.1,Wärmeertrag Erdreich/Grundwasser,Umgebungswärme,Wärmepumpe,MWh/ha/a,2. Erneuerbare,160,/ Wärmeertrag Erdreich/Grundwasser,1000.0,1000.0,1000,1000,0.0,0.0,1.0,1.0,EXACT,EXACT,
7.1.4.3.2,Beanspruchte Entzugsfläche,Umgebungswärme,Wärmepumpe,ha,2. Erneuerbare,161,Beanspruchte Entzugsfläche,207023.92180473084,41964.521806484656,8136.971088784088,41229.1858896038,0.7455761860944912,0.017522799861077496,0.01,1.0,DRIFT_SCALE_0.01,DRIFT,
7.1.4.3.3,Gebäude- & Freifläche (Siedlung),Umgebungswärme,Wärmepumpe,ha,2. Erneuerbare,162,/ Gebäude-&Freifläche (Siedlung),3380079.0,3645799.0,3380079,3645799.0000000005,0.0,1.2772544161313862e-16,1.0,1.0,EXACT,PASS_COSMETIC,
7.1.4.3.4,Anteil beanspruchter Siedlungsfläche,Umgebungswärme,Wärmepumpe,%,2. Erneuerbare,163,Anteil beanspruchter Siedlungsfläche,0.241,1.1,0.24073316300548267,1.130868319663366,0.0011072074461299674,0.027296122038819426,1.0,1.0,DRIFT,DRIFT,
8,Tiefengeothermie,Tiefengeothermie,Geothermie,,2. Erneuerbare,165,Tiefengeothermie,,,,,inf,inf,1.0,1.0,NO_MATCH,NO_MATCH,
8.1,Netzanschlussleistung (elektrisch),Tiefengeothermie,Geothermie,MW,2. Erneuerbare,166,Netzanschlussleistung (elektrisch),57.0,0.0,57,0,0.0,0.0,1.0,1.0,EXACT,EXACT,
8.1.1,Stromerzeugung – Vollbetriebsstunden,Tiefengeothermie,Geothermie,h/a,2. Erneuerbare,167,Stromerzeugung - Vollbetriebsstunden,3421.0,3421.0,3421.0526315789475,3421.0526315789475,1.538461538465736e-05,1.538461538465736e-05,1.0,1.0,PASS_COSMETIC,PASS_COSMETIC,
8.1.2,Bruttostromerzeugung,Tiefengeothermie,Geothermie,GWh/a,2. Erneuerbare,15,Bruttostromerzeugung,194.997,0.0,44339.5105,365420.8998001215,0.5602184196417774,1.0,100.0,1.0,DRIFT_SCALE_100.0,DRIFT,
8.2,Gebäudewärmebereitstellung (Endenergie),Tiefengeothermie,Geothermie,GWh/a,2. Erneuerbare,178,Gebäudewärmebereitstellung (Endenergie),1797.0,12000.0,1797,12000,0.0,0.0,1.0,1.0,EXACT,EXACT,
9,Stromwandlung / Stromspeicherung,Stromwandlung,Stromspeicherung,,2. Erneuerbare,180,Stromwandlung / Stromspeicherung,,,,,inf,inf,1.0,1.0,NO_MATCH,NO_MATCH,
9.1,Bruttostromerzeugung aus Erneuerbaren Energien gesamt (inkl. Abregelung),Stromwandlung,Stromwandlung,GWh/a,2. Erneuerbare,15,Bruttostromerzeugung,256726.09350785078,1941430.032365274,44339.5105,365420.8998001215,0.8272886487923594,0.8117774559431721,1.0,1.0,DRIFT,DRIFT,
9.1.1,aus Windenergie,Stromwandlung,Stromwandlung,GWh/a,2. Erneuerbare,182,+ > aus Windenergie,135042.22824137931,706236.3411426758,135067.1020694442,706236.586259135,0.00018415904157101373,3.470741448047943e-07,1.0,1.0,PASS,PASS_COSMETIC,
9.1.2,aus Solarenergie (Photovoltaik),Stromwandlung,Stromwandlung,GWh/a,2. Erneuerbare,183,+ > aus Solarenergie (Photovoltaik),62424.168584,1211176.171964698,62434.055499999995,1462087.881166788,0.0001583577411529167,0.17161192048309387,1.0,1.0,PASS,DRIFT,
9.1.3,aus Wasserkraft + Tiefengeothermie,Stromwandlung,Stromwandlung,GWh/a,2. Erneuerbare,184,+ > aus Wasserkraft + Tiefengeothermie,19687.5162579,19492.5192579,19704.000000000004,19509.000000000004,0.0008365683160781944,0.0008447763647549404,1.0,1.0,PASS,PASS,
9.1.4,aus Biobrennstoffen,Stromwandlung,Stromwandlung,GWh/a,2. Erneuerbare,185,+ > aus Biobrennstoffen,39572.18042457148,4525.0,39591.868178231285,4525,0.0004972676098833063,0.0,1.0,1.0,PASS,EXACT,
9.2,Bruttostromerzeugung Erneuerbar (inkl. Abregelung),Stromwandlung,Stromwandlung,GWh/a,2. Erneuerbare,15,Bruttostromerzeugung,256726.09350785078,1941430.032365274,44339.5105,365420.8998001215,0.8272886487923594,0.8117774559431721,1.0,1.0,DRIFT,DRIFT,
9.2.1,"Wasser-Elektrolyse (H₂ für Brennstoff, Kraftstoff- und Grundstoff-Synthese)",Stromwandlung,Stromwandlung,,2. Erneuerbare,188,"Wasser-Elektrolyse (H2 für Brennstoff, Kraftstoff- und Grundstoff-Synthese)",0.0,418893.192987624,,,inf,inf,1.0,1.0,NO_MATCH,NO_MATCH,
9.2.1.1,Wasserstoff als Brennstoff für PW,Stromwandlung,Stromwandlung,GWh/a,2. Erneuerbare,189,+ Wasserstoff als Brennstoff für PW,0.0,0.0,0,0,0.0,0.0,1.0,1.0,EXACT,EXACT,
9.2.1.1.1,Wasserstoff (komprim.) f. FC-Traktion,Stromwandlung,Stromwandlung,GWh/a,2. Erneuerbare,191,Wasserstoff (komprim.) f.FC-Traktion,0.0,0.0,0,0,0.0,0.0,1.0,1.0,EXACT,EXACT,
9.2.1.1.1.1,Nutzungsgrad tankfähiger Wasserstoff,Stromwandlung,Stromwandlung,%,2. Erneuerbare,192,/ Nutzungsgrad tankfähiger Wasserstoff,80.0,80.0,0,80,1.0,0.0,1.0,1.0,DRIFT,EXACT,
9.2.1.1.2,Wasserstoff für MA mit FC-Traktion,Stromwandlung,Stromwandlung,GWh/a,2. Erneuerbare,193,+ Wasserstoff für MA mit FC-Traktion,0.0,0.0,0,0,0.0,0.0,1.0,1.0,EXACT,EXACT,
9.2.1.2,Kraftstoff (gasförm. Methan) für MA aus H₂,Stromwandlung,Stromwandlung,GWh/a,,,,0.0,21.912630481179804,,,,,1.0,1.0,NO_EXCEL_CELL_DOCUMENTED,NO_EXCEL_CELL_DOCUMENTED,NO_SECTION_MATCH: cat='Stromwandlung' sub='Stromwandlung' name='Kraftstoff (gasförm. Methan) für MA aus H₂' (fallback section walk did not find a row)
9.2.1.2.1,Nutzungsgrad Methansynthese,Stromwandlung,Stromwandlung,%,2. Erneuerbare,196,/ Nutzungsgrad Methansynthese,0.0,80.0,0,80,0.0,0.0,1.0,1.0,EXACT,EXACT,
9.2.1.2.2,Wasserstoff für Kraftstoffsynthese,Stromwandlung,Stromwandlung,GWh/a,2. Erneuerbare,197,+ Wasserstoff für Kraftstoffsynthese,0.0,0.0,0,0,0.0,0.0,1.0,1.0,EXACT,EXACT,
9.2.1.3,Kraftstoffe (flüssig) für MA aus H₂,Stromwandlung,Stromwandlung,GWh/a,2. Erneuerbare,199,Kraftstoffe (flüssig)  für MA aus H2,0.0,95329.79999999999,0,95329.71354281127,0.0,9.069272013724667e-07,1.0,1.0,EXACT,PASS_COSMETIC,
9.2.1.3.1,Nutzungsgrad Kraftstofferzeugung,Stromwandlung,Stromwandlung,%,2. Erneuerbare,119,Nutzungsgrad Kraftstofferzeugung,0.0,63.0,45,45,1.0,0.2857142857142857,1.0,1.0,DRIFT,DRIFT,
9.2.1.3.2,Wasserstoff für Kraftstoffsynthese,Stromwandlung,Stromwandlung,GWh/a,2. Erneuerbare,197,+ Wasserstoff für Kraftstoffsynthese,0.0,151317.14285714284,0,0,0.0,1.0,1.0,1.0,EXACT,DRIFT,
9.2.1.4,Synth. Methan als Grundstoff,Stromwandlung,Stromwandlung,GWh/a,2. Erneuerbare,202,Synth. Methan als Grundstoff,0.0,76544.15,0,76544.50823642868,0.0,4.6801062145228355e-06,1.0,1.0,EXACT,PASS_COSMETIC,
9.2.1.4.1,Nutzungsgrad Methansynthese,Stromwandlung,Stromwandlung,%,2. Erneuerbare,196,/ Nutzungsgrad Methansynthese,0.0,80.0,0,80,0.0,0.0,1.0,1.0,EXACT,EXACT,
9.2.1.4.2,Wasserstoff für Grundstoffsynthese,Stromwandlung,Stromwandlung,GWh/a,2. Erneuerbare,204,+ Wasserstoff für Grundstoffsynthese,0.0,95680.18749999999,0,95680.63529553585,0.0,4.680106214560858e-06,1.0,1.0,EXACT,PASS_COSMETIC,
9.2.1.5,Wasserstofferzeugung,Stromwandlung,Stromwandlung,GWh/a,2. Erneuerbare,205,Wasserstofferzeugung,0.0,246997.33035714284,0,246997.64091904578,0.0,1.2573476482687011e-06,1.0,1.0,EXACT,PASS_COSMETIC,
9.2.1.5.1,Nutzungsgrad Wasserelektrolyse,Stromwandlung,Stromwandlung,%,2. Erneuerbare,206,/ Nutzungsgrad Wasserelektrolyse,0.0,64.0,,64,inf,0.0,1.0,1.0,NO_MATCH,EXACT,
9.2.1.5.2,Stromeinsatz Wasserstofferzeugung,Stromwandlung,Stromwandlung,GWh/a,2. Erneuerbare,205,Wasserstofferzeugung,0.0,385933.3286830357,0,246997.64091904578,0.0,0.3599991952964933,1.0,1.0,EXACT,DRIFT,
9.2.1.5.2.1,davon in der Zielregion,Stromwandlung,Stromwandlung,GWh/a,2. Erneuerbare,208,- davon in der Zielregion,0.0,385933.3286830357,0,385933.813936009,0.0,1.2573476482498483e-06,1.0,1.0,EXACT,PASS_COSMETIC,
9.2.1.5.2.2,davon extern für Importwasserstoff,Stromwandlung,Stromwandlung,GWh/a,,,,0.0,0.0,,,,,1.0,1.0,NO_EXCEL_CELL_DOCUMENTED,NO_EXCEL_CELL_DOCUMENTED,NO_SECTION_MATCH: cat='Stromwandlung' sub='Stromwandlung' name='davon extern für Importwasserstoff' (fallback section walk did not find a row)
9.3,Langzeitspeicherung Strom stofflich (saisonaler Ausgleich > 1 Tag),Stromwandlung,Stromspeicherung,,2. Erneuerbare,211,Langzeitspeicherung Strom stofflich (saisonaler Ausgleich > 1 Tag),0.0,844033.3254470965,,,inf,inf,1.0,1.0,NO_MATCH,NO_MATCH,
9.3.1,Stromaufnahme (Überschussphasen),Stromwandlung,Stromwandlung,GWh/a,2. Erneuerbare,212,- Stromaufnahme (Überschussphasen),0.0,406403.3340795594,0,473487.4969769301,0.0,0.1416809595304673,1.0,1.0,EXACT,DRIFT,
9.3.1.1,Nutzungsgrad Stromspeicherung,Stromwandlung,Stromspeicherung,%,2. Erneuerbare,213,Nutzungsgrad Stromspeicherung,0.0,38.0,0,38.001801007841564,0.0,4.73926970248751e-05,1.0,1.0,EXACT,PASS_COSMETIC,
9.3.1.2,Stromabgabe (Mangelphasen),Stromwandlung,Stromwandlung,GWh/a,2. Erneuerbare,214,+ Stromabgabe (Mangelphasen),0.0,154433.26695023256,0,179933.77639818282,0.0,0.14172163758470305,1.0,1.0,EXACT,DRIFT,
9.3.2,Nutzungsgrad KWK-Abwärme effektiv,Stromwandlung,Stromwandlung,%,2. Erneuerbare,86,Nutzungsgrad KWK-Abwärme effektiv,0.0,12.7,45,45,1.0,0.7177777777777777,1.0,1.0,DRIFT,DRIFT,
9.3.2.1,Gebäudewärme (Endenergie),Stromwandlung,Stromwandlung,GWh/a,2. Erneuerbare,112,Gebäudewärme (Endenergie),0.0,51613.223428104044,19431.7392172003,0,1.0,1.0,1.0,1.0,DRIFT,DRIFT,
9.3.3,Erforderliche Speicherkapazität,Stromwandlung,Stromspeicherung,GWh,2. Erneuerbare,219,Erforderliche Speicherkapazität,0.0,241727.0,0,286224,0.0,0.15546215551456202,1.0,1.0,EXACT,DRIFT,
9.3.4,Abregelung von Wind-/Solarstrom,Stromwandlung,Stromwandlung,GWh/a,2. Erneuerbare,220,- Abregelung von Wind-/Solarstrom,0.0,195890.29136753705,0,189289.10554710336,0.0,0.03369838175414363,1.0,1.0,EXACT,DRIFT,
9.4,Stromangebot aus Erneuerbaren Energien (EE),Stromwandlung,Stromwandlung,,2. Erneuerbare,224,Stromangebot aus Erneuerbaren E.,256726.09392385077,1107646.315348871,256797.0257476755,1323581.8273640631,0.00027621746637530176,0.16314481473747,1.0,1.0,PASS,DRIFT,
9.4.1,Stromangebot aus eigenen Erneuerb. E.,Stromwandlung,Stromwandlung,GWh/a,2. Erneuerbare,222,Stromangebot aus eigenen Erneuerb.E.,256726.09392385077,1107646.315348871,256797.0257476755,1323581.8273640631,0.00027621746637530176,0.16314481473747,1.0,1.0,PASS,DRIFT,
9.4.2,Stromeinfuhr (Erneuerb.) aus dem Ausland,Stromwandlung,Stromwandlung,GWh/a,,,,0.0,0.0,,,,,1.0,1.0,NO_EXCEL_CELL_DOCUMENTED,NO_EXCEL_CELL_DOCUMENTED,NO_SECTION_MATCH: cat='Stromwandlung' sub='Stromwandlung' name='Stromeinfuhr (Erneuerb.) aus dem Ausland' (fallback section walk did not find a row)
9.4.3,Stromangebot aus Erneuerbaren E. (gesamt),Stromwandlung,Stromwandlung,GWh/a,2. Erneuerbare,224,Stromangebot aus Erneuerbaren E.,256726.09392385077,1107646.315348871,256797.0257476755,1323581.8273640631,0.00027621746637530176,0.16314481473747,1.0,1.0,PASS,DRIFT,
9.4.3.1,Übertragungsverluste Stromnetz,Stromwandlung,Stromwandlung,%,2. Erneuerbare,225,Übertragungsverluste Stromnetz,5.5,9.2,5.512143039125169,9.2,0.0022029615412694583,0.0,1.0,1.0,DRIFT,EXACT,
9.4.3.2,inkl. Kurzzeitspeicher,Stromwandlung,Stromspeicherung,GWh/a,2. Erneuerbare,226,- inkl. Kurzzeitspeicher,14119.935165811794,101903.46101209613,14155.019379430963,121769.5281174938,0.002478570511189221,0.16314481473747,1.0,1.0,DRIFT,DRIFT,
9.4.3.3,Stromangebot Erneuerb. (Endenergie),Stromwandlung,Stromwandlung,GWh/a,,,,242606.15875803898,1005742.8543367749,,,,,1.0,1.0,NO_EXCEL_CELL_DOCUMENTED,NO_EXCEL_CELL_DOCUMENTED,NO_SECTION_MATCH: cat='Stromwandlung' sub='Stromwandlung' name='Stromangebot Erneuerb. (Endenergie)' (fallback section walk did not find a row)
