db_table,db_id,db_code,db_name,db_unit,db_status,db_ziel,match_score,match_sheet,match_row,match_name,match_unit,match_dref,xl_status,xl_ziel,drift_status,drift_ziel,best_scale_status,best_drift_status,best_scale_ziel,best_drift_ziel,verdict_status,verdict_ziel
LandUse,141,LU_0,Bodenfläche gesamt,ha,35759529.0,35759529.0,1.0,1. Flächen,8,Bodenfläche gesamt,35759529,1.64,35759529,35759529,0.0,0.0,1.0,0.0,1.0,0.0,EXACT,EXACT
LandUse,142,LU_1,Siedlung (Gebäude- & Freifläche),ha,3380079.0,3645799.0,1.0,1. Flächen,9,Siedlung (Gebäude- & Freifläche),3380079,1.69,3380079,3645799.0000000005,0.0,1.2772544161313862e-16,1.0,0.0,1.0,1.2772544161313862e-16,EXACT,PASS_COSMETIC
LandUse,143,LU_1.1,Solare Dachflächen,ha,34243.0,199396.038908,1.0,1. Flächen,10,Solare Dachflächen,34242.69,1.120,34242.69,199398.4011935508,9.052945127403314e-06,1.1847063650761892e-05,1.0,9.052945127403314e-06,1.0,1.1847063650761892e-05,PASS_COSMETIC,PASS_COSMETIC
LandUse,144,LU_2,Landwirtschaftsfläche (LF),ha,18020717.0,17754997.0,1.0,1. Flächen,12,Landwirtschaftsfläche (LF),18020717,1.75,18020717,17754997,0.0,0.0,1.0,0.0,1.0,0.0,EXACT,EXACT
LandUse,145,LU_2.1,Solare Freiflächen,ha,19628.0,684640.8016282017,1.0,1. Flächen,13,Solare Freiflächen,19627.65,1.129,19627.65,887749.85,1.78316690441484e-05,0.228790856311379,1.0,1.78316690441484e-05,1.0,0.228790856311379,PASS_COSMETIC,DRIFT
LandUse,146,LU_2.2,Ackerland,ha,11681400.0,10826000.0,1.0,1. Flächen,14,Ackerland,11681400,1.80,11681400,10826000,0.0,0.0,1.0,0.0,1.0,0.0,EXACT,EXACT
LandUse,147,LU_2.2.1,Getreide-Anbaufl. (Stroh),ha,6076200.0,5631255.0,1.0,1. Flächen,15,Getreide-Anbaufl. (Stroh),6076200,1.85,6076200,5631254.918074889,0.0,1.4548286463934127e-08,1.0,0.0,1.0,1.4548286463934127e-08,EXACT,PASS_COSMETIC
LandUse,148,LU_2.2.2,Energiepfl. (Biogas),ha,1410000.0,1307000.0,1.0,1. Flächen,16,Energiepfl. (Biogas),1410000,1.365,1410000,1307000,0.0,0.0,1.0,0.0,1.0,0.0,EXACT,EXACT
LandUse,149,LU_2.2.3,Energiepfl. (Pflanzenöl),ha,665000.0,303000.0,1.0,1. Flächen,17,Energiepfl. (Pflanzenöl),665000,1.445,665000,303000,0.0,0.0,1.0,0.0,1.0,0.0,EXACT,EXACT
LandUse,150,LU_2.2.4,Energiepfl. (Ethanol),ha,216200.0,0.0,1.0,1. Flächen,18,Energiepfl. (Ethanol),216200,1.494,216200,0,0.0,0.0,1.0,0.0,1.0,0.0,EXACT,EXACT
LandUse,151,LU_2.2.5,Energiepfl. (Kurzumtr.),ha,11200.0,11200.0,1.0,1. Flächen,19,Energiepfl. (Kurzumtr.),11200,1.266,11200,11200,0.0,0.0,1.0,0.0,1.0,0.0,EXACT,EXACT
LandUse,152,LU_2.2.6,(ohne energet. Relevanz),ha,3302800.0,3573545.0,1.0,1. Flächen,20,(ohne energet. Relevanz),3302800,,3302800,3573545.081925111,0.0,2.2925444905070948e-08,1.0,0.0,1.0,2.2925444905070948e-08,EXACT,PASS_COSMETIC
LandUse,153,LU_2.3,Dauergrünland,ha,4704200.0,4371150.0,1.0,1. Flächen,22,Dauergrünland,4704200,1.90,4704200,4371149.768479563,0.0,5.296556665961104e-08,1.0,0.0,1.0,5.296556665961104e-08,EXACT,PASS_COSMETIC
LandUse,154,LU_2.4,(sonstige Nutzung),ha,1615489.0,1883157.0,1.0,1. Flächen,25,(sonstige Nutzung),1615489.35,,1615489.35,1670097.3815204366,2.1665261989695706e-07,0.11313959403255458,1.0,2.1665261989695706e-07,1.0,0.11313959403255458,PASS_COSMETIC,DRIFT
LandUse,155,LU_3,Waldfläche,ha,11538455.0,11538455.0,1.0,1. Flächen,27,Waldfläche,11538455,1.96,11538455,11538455,0.0,0.0,1.0,0.0,1.0,0.0,EXACT,EXACT
LandUse,156,LU_3.1,Forstfl. (u.a.Energieholz),ha,9866633.0,9373000.0,1.0,1. Flächen,28,Forstfl. (u.a.Energieholz),9866633,1.109,9866633,9373000,0.0,0.0,1.0,0.0,1.0,0.0,EXACT,EXACT
LandUse,157,LU_3.2,(ohne forstwirtsch.Nutzung),ha,1671822.0,2165455.0,1.0,1. Flächen,29,(ohne forstwirtsch.Nutzung),1671822,,1671822,2165455,0.0,0.0,1.0,0.0,1.0,0.0,EXACT,EXACT
LandUse,158,LU_4,(sonstige Flächen),ha,2820278.0,2820278.0,1.0,1. Flächen,31,(sonstige Flächen),2820278,,2820278,2820278,0.0,0.0,1.0,0.0,1.0,0.0,EXACT,EXACT
LandUse,159,LU_5,Windenergie Flächenpotenzial,ha,2089000.0,1671200.0,1.0,1. Flächen,33,Windenergie Flächenpotenzial,2089000,1.173,2089000,1671200,0.0,0.0,1.0,0.0,1.0,0.0,EXACT,EXACT
LandUse,160,LU_6,Windparkfläche,ha,172556.0,715288.6652322228,1.0,1. Flächen,34,Windparkfläche*,172555.8,1.188,172555.8,715289.0305038091,1.1590440205593635e-06,5.106629219316255e-07,1.0,1.1590440205593635e-06,1.0,5.106629219316255e-07,PASS_COSMETIC,PASS_COSMETIC
VerbrauchData,1,1,"Kraft, Licht, Information, Kommunikation, Kälte (KLIK)",GWh/a,329214.0,312753.30000000005,0.0,,,,,,,,,,,,,,NO_DATA,NO_DATA
VerbrauchData,2,1.0,"Bedarfsniveau (statisch), 100% Strom",GWh/a,329214.0,329214.0,1.0,4. Verbrauch,22,"Bedarfsniveau (statisch), 100% Strom",GWh/a,,329214.0656749311,329214.0656749311,1.9949005206483084e-07,1.9949005206483084e-07,1.0,1.9949005206483084e-07,1.0,1.9949005206483084e-07,PASS_COSMETIC,PASS_COSMETIC
VerbrauchData,265,10,fossil,gwh/a,50.0,60.0,0.658,6. Fossile,5,Strom fossil/atomar,,,,,,,,,,,NO_DATA,NO_DATA
VerbrauchData,3,1.1,davon Haushalte,%,18.64,18.6,1.0,4. Verbrauch,23,*davon Haushalte,%,1.700,18.60082304526749,18.60082304526749,0.002101767957752744,4.424778761052735e-05,1.0,0.002101767957752744,1.0,4.424778761052735e-05,DRIFT,PASS_COSMETIC
VerbrauchData,4,1.1.1,Endenergie Haushalte,GWh/a,61365.4896,61233.804000000004,0.0,,,,,,,,,,,,,,NO_DATA,NO_DATA
VerbrauchData,5,1.1.2,Zieleinfluss Endanwendungs-Effizienz,%,100.0,95.0,1.0,4. Verbrauch,25,*Zieleinfluss Endanwendungs-Effizienz,%,1.705,100,95,0.0,0.0,1.0,0.0,1.0,0.0,EXACT,EXACT
VerbrauchData,6,1.1.3,Endenergie nach Effizienz,GWh/a,61365.4896,58172.11380000001,0.0,,,,,,,,,,,,,,NO_DATA,NO_DATA
VerbrauchData,7,1.2,davon Handel/Dienstleistungen,%,34.7,34.7,1.0,4. Verbrauch,28,*davon Handel/Dienstleistungen,%,1.712,34.65768799102133,34.65768799102133,0.0012193662529877917,0.0012193662529877917,1.0,0.0012193662529877917,1.0,0.0012193662529877917,DRIFT,DRIFT
VerbrauchData,8,1.2.1,Endenergie Handel/Dienstl.,GWh/a,114237.258,114237.258,0.0,,,,,,,,,,,,,,NO_DATA,NO_DATA
VerbrauchData,9,1.2.2,Zieleinfluss Handels-/Dienstl.-Vol./Pers.,%,100.0,100.0,1.0,4. Verbrauch,30,*Zieleinfluss Handels-/Dienstl.-Vol./Pers.,%,1.717,100,100,0.0,0.0,1.0,0.0,1.0,0.0,EXACT,EXACT
VerbrauchData,10,1.2.3,Nach Vol./Pers. Anpassung,GWh/a,114237.258,114237.258,0.0,,,,,,,,,,,,,,NO_DATA,NO_DATA
VerbrauchData,11,1.2.4,Zieleinfluss Prozess-Effizienz,%,100.0,95.0,1.0,4. Verbrauch,32,*Zieleinfluss Prozess-Effizienz,%,1.722,100,95,0.0,0.0,1.0,0.0,1.0,0.0,EXACT,EXACT
VerbrauchData,12,1.2.5,Endenergie nach Prozess-Effizienz,GWh/a,114237.258,108525.3951,0.0,,,,,,,,,,,,,,NO_DATA,NO_DATA
VerbrauchData,13,1.3,davon Industrie + Gewerbeanteil GHD,%,46.7,46.7,1.0,4. Verbrauch,35,*davon Industrie + Gewerbeanteil GHD,%,1.728,46.741488963711184,46.741488963711184,0.0008876260605089446,0.0008876260605089446,1.0,0.0008876260605089446,1.0,0.0008876260605089446,PASS,PASS
VerbrauchData,14,1.3.1,Endenergie Industrie,GWh/a,153742.938,153742.938,0.0,,,,,,,,,,,,,,NO_DATA,NO_DATA
VerbrauchData,15,1.3.2,Zieleinfluss Materialdurchsatz/Pers.,%,100.0,100.0,1.0,4. Verbrauch,37,*Zieleinfluss Materialdurchsatz/Pers.,%,1.733,100,100,0.0,0.0,1.0,0.0,1.0,0.0,EXACT,EXACT
VerbrauchData,16,1.3.3,Nach Materialdurchsatz Anpassung,GWh/a,153742.938,153742.938,0.0,,,,,,,,,,,,,,NO_DATA,NO_DATA
VerbrauchData,17,1.3.4,Zieleinfluss Prozess-Effizienz,%,100.0,95.0,1.0,4. Verbrauch,32,*Zieleinfluss Prozess-Effizienz,%,1.722,100,95,0.0,0.0,1.0,0.0,1.0,0.0,EXACT,EXACT
VerbrauchData,18,1.3.5,Endenergie nach Prozess-Effizienz,GWh/a,153742.938,146055.7911,0.0,,,,,,,,,,,,,,NO_DATA,NO_DATA
VerbrauchData,19,1.4,Endverbrauch Strom für KLIK gesamt,GWh/a,329345.68559999997,312753.30000000005,1.0,4. Verbrauch,42,Endverbrauch Strom für KLIK gesamt,GWh/a,,329214.0656749311,312753.36239118455,0.000399640653646583,1.9949005192524563e-07,1.0,0.000399640653646583,1.0,1.9949005192524563e-07,PASS,PASS_COSMETIC
VerbrauchData,60,2.0,Bedarfsniveau (statisch),GWh/a,798867.0,798867.0,1.0,4. Verbrauch,45,Bedarfsniveau (statisch),GWh/a,,798867.2532382089,798867.2532382089,3.1699660727696963e-07,3.1699660727696963e-07,1.0,3.1699660727696963e-07,1.0,3.1699660727696963e-07,PASS_COSMETIC,PASS_COSMETIC
VerbrauchData,61,2.1,davon Haushalte,%,71.64,71.64,1.0,4. Verbrauch,23,*davon Haushalte,%,1.700,18.60082304526749,18.60082304526749,0.7403570205853226,0.7403570205853226,1.0,0.7403570205853226,1.0,0.7403570205853226,DRIFT,DRIFT
VerbrauchData,62,2.1.0,=,GWh/a,572308.3188,572308.3188,0,,,,,,,,,,,,,,NO_DATA,NO_DATA
VerbrauchData,99,2.10,Endenergieverbrauch GW gesamt,GWh/a,799186.5467999999,672097.5515791969,1.0,4. Verbrauch,91,Endenergieverbrauch GW gesamt,GWh/a,,798867.2532382088,663538.8323413887,0.0003995231940146441,0.012734340748152143,1.0,0.0003995231940146441,1.0,0.012734340748152143,PASS,DRIFT
VerbrauchData,63,2.1.1,Wohnfläche pro Person,qm/Person,44.7,44.7,1.0,4. Verbrauch,48,*Wohnfläche pro Person,qm/Person,1.751,44.67669791064594,44.67669791064594,0.0005212995381221743,0.0005212995381221743,1.0,0.0005212995381221743,1.0,0.0005212995381221743,PASS,PASS
VerbrauchData,64,2.1.2,Zieleinfluss Wohnflächen-Entwicklung,% v. Status,100.0,100.0,1.0,4. Verbrauch,49,*Zieleinfluss Wohnflächen-Entwicklung,% v. Status,,100,100,0.0,0.0,1.0,0.0,1.0,0.0,EXACT,EXACT
VerbrauchData,65,2.1.9,=,GWh/a,572308.3188,572308.3188,0,,,,,,,,,,,,,,NO_DATA,NO_DATA
VerbrauchData,66,2.2,dav.Gewerbe/Handel/Dienstl. + Industr.,%,28.4,28.4,1.0,4. Verbrauch,52,"*dav.Gewerbe,Handel,Dienstl. + Industr.",%,1.756,28.35906232132647,28.35906232132647,0.0014414675589270907,0.0014414675589270907,1.0,0.0014414675589270907,1.0,0.0014414675589270907,DRIFT,DRIFT
VerbrauchData,67,2.2.0,=,GWh/a,226878.22799999997,226878.22799999997,0,,,,,,,,,,,,,,NO_DATA,NO_DATA
VerbrauchData,68,2.2.1,Zieleinfluss Erwerbstätigkeit,% v. Status,100.0,100.0,1.0,4. Verbrauch,54,*Zieleinfluss Erwerbstätigkeit,% v. Status,1.761,100,100,0.0,0.0,1.0,0.0,1.0,0.0,EXACT,EXACT
VerbrauchData,69,2.2.9,=,GWh/a,226878.22799999997,226878.22799999997,0,,,,,,,,,,,,,,NO_DATA,NO_DATA
VerbrauchData,70,2.3,Bedarfsniveau (Wohnfläche/Wirtschaftl.Entw.),GWh/a,799186.5468,799186.5468,1.0,4. Verbrauch,57,=Bedarfsniveau (Wohnfläche/Wirtschaftl.Entw.),GWh/a,,798867.2532382088,798867.2532382088,0.0003995231940147897,0.0003995231940147897,1.0,0.0003995231940147897,1.0,0.0003995231940147897,PASS,PASS
VerbrauchData,71,2.4,davon Raumwärme,%,85.9,85.9,1.0,4. Verbrauch,58,*davon Raumwärme,%,1.767,85.92911239479102,85.92911239479102,0.00033879547896713134,0.00033879547896713134,1.0,0.00033879547896713134,1.0,0.00033879547896713134,PASS,PASS
VerbrauchData,72,2.4.0,=,GWh/a,686501.2437012,686501.2437012,0,,,,,,,,,,,,,,NO_DATA,NO_DATA
VerbrauchData,73,2.4.1,Spez.Raumwärmebed.Status/Saniert,kWh/qm/a,136.0,80.0,1.0,4. Verbrauch,60,Spez.Raumwärmebed.Status/Saniert,kWh/qm/a,1.772,136,75,0.0,0.0625,1.0,0.0,1.0,0.0625,EXACT,DRIFT
VerbrauchData,74,2.4.2,= Veränderung zum Status,% v.Status,100.0,-41.17647058823529,1.0,4. Verbrauch,61,=Veränderung zum Status,% v.Status,,99.99999999999999,-44.85294117647059,0.0,0.08196721311475416,1.0,0.0,1.0,0.08196721311475416,EXACT,DRIFT
VerbrauchData,75,2.4.3,Gebäude - Sanierungs-/Ersatzrate,%/a,1.5,1.5,1.0,4. Verbrauch,63,Gebäude - Sanierungs-/Ersatzrate ,%/a,1.781,1.5,,0.0,,1.0,0.0,,,EXACT,NO_DATA
VerbrauchData,76,2.4.4,Sanierungszeitraum: 22 Jahre,Kalenderjahr,2023.0,2045.0,1.0,4. Verbrauch,64,Sanierungszeitraum: 22 Jahre,Kalenderjahr,1.784,2023,2045,0.0,0.0,1.0,0.0,1.0,0.0,EXACT,EXACT
VerbrauchData,77,2.4.5,= Gebäudeanteil mit Ziel-Wärmeschutz,% v.Status,0.0,33.0,1.0,4. Verbrauch,65,*=Gebäudeanteil mit Ziel-Wärmeschutz,% v.Status,,0,33,0.0,0.0,1.0,0.0,1.0,0.0,EXACT,EXACT
VerbrauchData,78,2.4.6,= Result.spez.Raumwärmebed. ges.,kWh/qm/a,136.0,117.51999999999998,1.0,4. Verbrauch,66,=Result.spez.Raumwärmebed. ges.,kWh/qm/a,,136,115.86999999999999,0.0,0.014040163376446492,1.0,0.0,1.0,0.014040163376446492,EXACT,DRIFT
VerbrauchData,79,2.4.7,= Raumwärmebedarf Veränderung,% v.Status,0.0,-13.588235294117647,1.0,4. Verbrauch,67,*=Raumwärmebedarf Veränderung,% v.Status,,0,-14.801470588235293,0.0,0.08196721311475408,1.0,0.0,1.0,0.08196721311475408,EXACT,DRIFT
VerbrauchData,80,2.4.9,= Bedarfsniveau (Sanierung/Ersatz),GWh/a,686501.2437012,593217.8394100369,1.0,4. Verbrauch,68,+=Bedarfsniveau (Sanierung/Ersatz),GWh/a,,686459.5399202403,584853.4330188107,6.07482962956745e-05,0.014100058756737213,1.0,6.07482962956745e-05,1.0,0.014100058756737213,PASS_COSMETIC,DRIFT
VerbrauchData,81,2.5,davon Warmwasser,%,14.1,14.1,1.0,4. Verbrauch,70,*davon Warmwasser,%,1.789,14.070887605208974,14.070887605208974,0.0020647088504273845,0.0020647088504273845,1.0,0.0020647088504273845,1.0,0.0020647088504273845,DRIFT,DRIFT
VerbrauchData,82,2.5.0,=,GWh/a,112685.3030988,112685.3030988,0,,,,,,,,,,,,,,NO_DATA,NO_DATA
VerbrauchData,83,2.5.1,Zieleinfluss Anwendungs-/Prozess-Effizienz,%,100.0,70.0,1.0,4. Verbrauch,72,*Zieleinfluss Anwendungs-/Prozess-Effizienz,%,1.794,100,70,0.0,0.0,1.0,0.0,1.0,0.0,EXACT,EXACT
VerbrauchData,84,2.5.2,=,GWh/a,112685.3030988,78879.71216915999,0,,,,,,,,,,,,,,NO_DATA,NO_DATA
VerbrauchData,85,2.5.3,= Res. Anteil Warmwasser an Gebäudew.,%,14.099999999999998,11.736348686856534,1.0,4. Verbrauch,74,=Res. Anteil Warmwasser an Gebäudew.,%,,14.070887605208974,11.858446783728635,0.0020647088504272587,0.010296297575803574,1.0,0.0020647088504272587,1.0,0.010296297575803574,DRIFT,DRIFT
VerbrauchData,86,2.6,Bedarfsniveau (Sanierung/ Anwendungseff.),GWh/a,799186.5468,672097.5515791969,1.0,4. Verbrauch,75,"=Bedarfsniveau (Sanierung, Anwendungseff.)",GWh/a,,798867.2532382088,663538.8323413887,0.0003995231940147897,0.012734340748152143,1.0,0.0003995231940147897,1.0,0.012734340748152143,PASS,DRIFT
VerbrauchData,87,2.7,davon Brennstoffe,% v. [75],79.2,0.0,1.0,4. Verbrauch,76,*davon Brennstoffe,% v. [75] ,1.810,79.16331241968767,0,0.0004632270241456073,0.0,1.0,0.0004632270241456073,1.0,0.0,PASS,EXACT
VerbrauchData,88,2.7.0,= Endenergieverbrauch,GWh/a,632955.7450656,0.0,1.0,4. Verbrauch,77,=Endenergieverbrauch,GWh/a,,632409.7794995407,0,0.0008625651482202083,0.0,1.0,0.0008625651482202083,1.0,0.0,PASS,EXACT
VerbrauchData,89,2.7.1,> Nutzungsgrad Endanwendung,%,86.0,88.0,1.0,4. Verbrauch,78,>Nutzungsgrad Endanwendung ,%,1.816,86,88,0.0,0.0,1.0,0.0,1.0,0.0,EXACT,EXACT
VerbrauchData,90,2.7.2,> Wandlungsverluste Endanwendung,% v. [75],11.088000000000001,0.0,1.0,4. Verbrauch,79,>Wandlungsverluste Endanwendung,% v. [75] ,,11.082863738756275,0,0.000463227024145524,0.0,1.0,0.000463227024145524,1.0,0.0,PASS,EXACT
VerbrauchData,91,2.7.3,= Einsparung gegenüber Status (relativ),% v. [75],0.0,11.088000000000001,1.0,4. Verbrauch,80,=Einsparung gegenüber Status (relativ),% v. [75] ,,0,11.082863738756275,0.0,0.000463227024145524,1.0,0.0,1.0,0.000463227024145524,EXACT,PASS
VerbrauchData,92,2.7.4,= Einsparung gegenüber Status (absolut),GWh/a,0.0,0.0,0.597,4. Verbrauch,81,                                            (absolut),GWh/a,,0,0,0.0,0.0,1.0,0.0,1.0,0.0,EXACT,EXACT
VerbrauchData,93,2.8,davon Wärme (30-100°C/verlustarm nutzbar),% v. [75],16.7,79.47464129801271,1.0,4. Verbrauch,83,"*davon Wärme (30-100°C,verlustarm nutzbar)",% v. [75] ,1.804,16.72123810040408,79.50066097332919,0.0012701272642943106,0.0003272887922932536,1.0,0.0012701272642943106,1.0,0.0003272887922932536,DRIFT,PASS
VerbrauchData,94,2.8.0,= Endenergieverbrauch,GWh/a,133464.15331559998,534147.1182902928,1.0,4. Verbrauch,77,=Endenergieverbrauch,GWh/a,,632409.7794995407,0,0.7889593778558939,1.0,1.0,0.7889593778558939,1.0,1.0,DRIFT,DRIFT
VerbrauchData,95,2.9,davon Strom (verlustarm nutzb.),% v. [75],4.099999999999994,20.525358701987287,1.0,4. Verbrauch,86,*davon Strom (verlustarm nutzb.),% v. [75] ,1.799,4.11544947990825,20.49933902667081,0.0037540200611574648,0.0012676843164722406,1.0,0.0037540200611574648,1.0,0.0012676843164722406,DRIFT,DRIFT
VerbrauchData,96,2.9.0,= Endenergieverbrauch,GWh/a,32766.648418799956,137950.4332889042,1.0,4. Verbrauch,77,=Endenergieverbrauch,GWh/a,,632409.7794995407,0,0.9481876316891716,1.0,100.0,0.8069958906335096,1.0,1.0,DRIFT_SCALE_100.0,DRIFT
VerbrauchData,97,2.9.1,davon für Wärmepumpen,%,30.8484403739032,100.0,1.0,4. Verbrauch,88,davon für Wärmepumpen,%,,30.744918017730317,100,0.003355837602099908,0.0,1.0,0.003355837602099908,1.0,0.0,DRIFT,EXACT
VerbrauchData,98,2.9.2,=,GWh/a,10108.0,137950.4332889042,0,,,,,,,,,,,,,,NO_DATA,NO_DATA
VerbrauchData,168,3.0,Bedarfsniveau (statisch),GWh/a,555395.0,555395.0,1.0,4. Verbrauch,45,Bedarfsniveau (statisch),GWh/a,,798867.2532382089,798867.2532382089,0.3047718532100221,0.3047718532100221,1.0,0.3047718532100221,1.0,0.3047718532100221,DRIFT,DRIFT
VerbrauchData,169,3.1,davon Haushalte,%,8.7164,8.7164,1.0,4. Verbrauch,23,*davon Haushalte,%,1.700,18.60082304526749,18.60082304526749,0.5313970796460177,0.5313970796460177,1.0,0.5313970796460177,1.0,0.5313970796460177,DRIFT,DRIFT
VerbrauchData,170,3.1.0,=,GWh/a,48410.44978,48410.44978,0,,,,,,,,,,,,,,NO_DATA,NO_DATA
VerbrauchData,171,3.1.1,Zieleinfluss Endanwendungs-Effizienz,%,100.0,95.0,1.0,4. Verbrauch,25,*Zieleinfluss Endanwendungs-Effizienz,%,1.705,100,95,0.0,0.0,1.0,0.0,1.0,0.0,EXACT,EXACT
VerbrauchData,172,3.1.2,=,GWh/a,48410.44978,45989.927291,0,,,,,,,,,,,,,,NO_DATA,NO_DATA
VerbrauchData,173,3.2,dav.Industrie + Gewerbeant.GHD,%,91.2835,91.2835,0.0,,,,,,,,,,,,,,NO_DATA,NO_DATA
VerbrauchData,174,3.2.0,=,GWh/a,506983.994825,506983.994825,0,,,,,,,,,,,,,,NO_DATA,NO_DATA
VerbrauchData,175,3.2.1,Zieleinfluss Materialdurchsatz/Pers.,%,100.0,100.0,1.0,4. Verbrauch,37,*Zieleinfluss Materialdurchsatz/Pers.,%,1.733,100,100,0.0,0.0,1.0,0.0,1.0,0.0,EXACT,EXACT
VerbrauchData,190,3.2.1.5,=,GWh/a,506983.994825,506983.994825,0,,,,,,,,,,,,,,NO_DATA,NO_DATA
VerbrauchData,176,3.2.2,Zieleinfluss Prozess-Effizienz,%,100.0,89.00004,1.0,4. Verbrauch,32,*Zieleinfluss Prozess-Effizienz,%,1.722,100,95,0.0,0.06315747368421054,1.0,0.0,1.0,0.06315747368421054,EXACT,DRIFT
VerbrauchData,177,3.2.3,=,GWh/a,506983.994825,451215.958187848,0,,,,,,,,,,,,,,NO_DATA,NO_DATA
VerbrauchData,178,3.3,"Bedarfsniveau (Prod.-Vol., Proz.-Effiz.)",GWh/a,555394.444605,497205.885478848,1.0,4. Verbrauch,107,"Bedarfsniveau (Prod.-Vol., Proz.-Effiz.)",GWh/a,,555394.5695538963,497205.81289076584,2.2497320499844237e-07,1.459920010806106e-07,1.0,2.2497320499844237e-07,1.0,1.459920010806106e-07,PASS_COSMETIC,PASS_COSMETIC
VerbrauchData,179,3.4,davon Brennstoffe,%,60.3,26.69623513695287,1.0,4. Verbrauch,76,*davon Brennstoffe,% v. [75] ,1.810,79.16331241968767,0,0.2382835159762267,1.0,1.0,0.2382835159762267,0.0001,0.002669623513695287,DRIFT,DRIFT_SCALE_0.0001
VerbrauchData,180,3.4.0,= Endenergieverbrauch,GWh/a,334902.850096815,132735.25230220184,1.0,4. Verbrauch,77,=Endenergieverbrauch,GWh/a,,632409.7794995407,0,0.47043378999951374,1.0,1.0,0.47043378999951374,1.0,1.0,DRIFT,DRIFT
VerbrauchData,181,3.4.1,> Nutzungsgrad Endanwendung,%,86.0,88.0,1.0,4. Verbrauch,78,>Nutzungsgrad Endanwendung ,%,1.816,86,88,0.0,0.0,1.0,0.0,1.0,0.0,EXACT,EXACT
VerbrauchData,182,3.4.2,> Wandlungsverluste Endanwendung,%,8.442,3.203548216434344,1.0,4. Verbrauch,79,>Wandlungsverluste Endanwendung,% v. [75] ,,11.082863738756275,0,0.23828351597622677,1.0,1.0,0.23828351597622677,0.0001,0.0003203548216434344,DRIFT,PASS
VerbrauchData,183,3.4.3,= Einsparung gegenüber Status (relativ),%,0.0,5.238451783565656,1.0,4. Verbrauch,80,=Einsparung gegenüber Status (relativ),% v. [75] ,,0,11.082863738756275,0.0,0.5273377073790931,1.0,0.0,1.0,0.5273377073790931,EXACT,DRIFT
VerbrauchData,184,3.4.4,= Einsparung gegenüber Status (absolut),GWh/a,0.0,6953.272191645067,0.597,4. Verbrauch,81,                                            (absolut),GWh/a,,0,0,0.0,1.0,1.0,0.0,0.0001,0.6953272191645068,EXACT,DRIFT_SCALE_0.0001
VerbrauchData,185,3.5,"davon Wärme (>100°C,verlustarm nutzbar)",%,25.9,0.0,1.0,4. Verbrauch,115,"*davon Wärme (>100°C,verlustarm nutzbar)",% v. [107] ,1.862,25.85036844644735,0,0.001916276198943901,0.0,1.0,0.001916276198943901,1.0,0.0,DRIFT,EXACT
VerbrauchData,186,3.5.0,= Endenergieverbrauch,GWh/a,143847.161152695,0.0,1.0,4. Verbrauch,77,=Endenergieverbrauch,GWh/a,,632409.7794995407,0,0.7725412132833733,0.0,1.0,0.7725412132833733,1.0,0.0,DRIFT,EXACT
VerbrauchData,187,3.6,davon Strom (verlustarm nutzbar),%,12.895500000000004,71.90529545737054,1.0,4. Verbrauch,117,*davon Strom (verlustarm nutzbar),% v. [107] ,1.867,13.84399769211699,71.90263597624742,0.06851328013851639,3.698588686968744e-05,1.0,0.06851328013851639,1.0,3.698588686968744e-05,DRIFT,PASS_COSMETIC
VerbrauchData,188,3.6.0,= Endenergieverbrauch,GWh/a,71620.89060403779,357517.3609850011,1.0,4. Verbrauch,77,=Endenergieverbrauch,GWh/a,,632409.7794995407,0,0.8867492361349706,1.0,1.0,0.8867492361349706,1.0,1.0,DRIFT,DRIFT
VerbrauchData,189,3.7,Endenergieverbrauch PW gesamt,GWh/a,550370.9018535478,490252.6132872029,1.0,4. Verbrauch,120,Endenergieverbrauch PW gesamt,GWh/a,,555394.5695538963,490251.25188732275,0.009045222938322292,2.7769354884544006e-06,1.0,0.009045222938322292,1.0,2.7769354884544006e-06,DRIFT,PASS_COSMETIC
VerbrauchData,191,4.0,Mobile Anwendungen (MA),GWh/a,,,1.0,4. Verbrauch,122,Mobile Anwendungen (MA),,,,,,,,,,,NO_DATA,NO_DATA
VerbrauchData,192,4.1,"MA am Boden (Straße, Schiene, Schifffahrt, Maschinen)",GWh/a,100.0,100.0,1.0,4. Verbrauch,123,"MA am Boden (Straße, Schiene, Schifffahrt, Maschinen)",,,,,,,,,,,NO_DATA,NO_DATA
VerbrauchData,193,4.1.0,Bedarfsniveau (statisch),GWh/a,639193.0,639193.0,1.0,4. Verbrauch,45,Bedarfsniveau (statisch),GWh/a,,798867.2532382089,798867.2532382089,0.19987582741809637,0.19987582741809637,1.0,0.19987582741809637,1.0,0.19987582741809637,DRIFT,DRIFT
VerbrauchData,194,4.1.1,davon Personenverkehr (PVk),%,67.4,67.4,1.0,4. Verbrauch,125,*davon Personenverkehr (PVk),%,1.876,67.41832181954476,67.41832181954476,0.0002717632099148568,0.0002717632099148568,1.0,0.0002717632099148568,1.0,0.0002717632099148568,PASS,PASS
VerbrauchData,195,4.1.1.1,Zieleinfluss Pers.-Verkehrsleist./Pers.,%,100.0,100.0,1.0,4. Verbrauch,126,*Zieleinfluss Pers.-Verkehrsleist./Pers.,%,1.882,100,100,0.0,0.0,1.0,0.0,1.0,0.0,EXACT,EXACT
VerbrauchData,204,4.1.1.10,Stromverbrauch PVk,GWh/a,12924.48246,128603.79306954842,0.0,,,,,,,,,,,,,,NO_DATA,NO_DATA
VerbrauchData,205,4.1.1.11,Anteil Verbrenn.Trakt.an Endverbr.PVk,%,97.0,30.900000000000006,1.0,4. Verbrauch,138,Anteil Verbrenn.Trakt.an Endverbr.PVk,% v.[136] +[142] ,,97,30.892841576984495,0.0,0.00023166417525925762,1.0,0.0,1.0,0.00023166417525925762,EXACT,PASS
VerbrauchData,206,4.1.1.12,Nutzungsgrad Verbrenn.Traktion (NG k),%,25.5,28.4,1.0,4. Verbrauch,139,Nutzungsgrad Verbrenn.Traktion (NG k),%,1.913,25.5,28.407000000000004,0.0,0.00024641813637501326,1.0,0.0,1.0,0.00024641813637501326,EXACT,PASS
VerbrauchData,207,4.1.1.13,Anteil NE Verbrenn.Trakt.an Endverbr.PVk,%,24.735,8.775600000000003,1.0,4. Verbrauch,140,Anteil NE Verbrenn.Trakt.an Endverbr.PVk,% v.[136] +[142] ,,24.735,8.775729506773986,0.0,1.475737987183489e-05,1.0,0.0,1.0,1.475737987183489e-05,EXACT,PASS_COSMETIC
VerbrauchData,208,4.1.1.14,Anteil NE Verbrenn.Trakt.an NE ges.PVk,%,91.3573407202216,14.002067856322284,0.0,,,,,,,,,,,,,,NO_DATA,NO_DATA
VerbrauchData,209,4.1.1.15,Kohlenwasserstoff-Verbr.(gasf.) PVk,GWh/a,417891.59954,57508.78734947971,0.0,,,,,,,,,,,,,,NO_DATA,NO_DATA
VerbrauchData,240,4.1.1.15.1,Alternativ zur Verbrennungsmotoren: Brennstoffzellen (FC) -Traktion: (Passiv),,,,0.95,4. Verbrauch,143,Alternativ zur Verbrennungsmotoren: Brennstoffzellen (FC) -Traktion:,,1.919,,(Passiv),,inf,,,1.0,inf,NO_DATA,NO_MATCH
VerbrauchData,210,4.1.1.16,Anteil FC-Trakt.an Endverbr.PVk,%,0.0,0.0,1.0,4. Verbrauch,144,Anteil FC-Trakt.an Endverbr.PVk,% v.[136] +[148] ,,,0,,0.0,,,1.0,0.0,NO_DATA,EXACT
VerbrauchData,211,4.1.1.17,Nutzungsgrad FC-Traktion (NG FC),%,35.0,35.0,1.0,4. Verbrauch,145,Nutzungsgrad FC-Traktion (NG FC),%,1.924,35,35,0.0,0.0,1.0,0.0,1.0,0.0,EXACT,EXACT
VerbrauchData,212,4.1.1.18,Anteil NE FC-Trakt.an Endverbr.PVk,%,0.0,0.0,1.0,4. Verbrauch,146,Anteil NE FC-Trakt.an Endverbr.PVk,% v.[136] +[148] ,,,0,,0.0,,,1.0,0.0,NO_DATA,EXACT
VerbrauchData,213,4.1.1.19,Anteil NE FC-Trakt.an NE ges.PVk,%,0.0,0.0,0.0,,,,,,,,,,,,,,NO_DATA,NO_DATA
VerbrauchData,196,4.1.1.2,Bedarfsniveau PVk (nach Entwicklung),GWh/a,430816.08200000005,430816.08200000005,1.0,4. Verbrauch,127,=Bedarfsniveau PVk (nach Entwicklung),GWh/a,,430933.11543676304,430933.11543676304,0.0002715814416916351,0.0002715814416916351,1.0,0.0002715814416916351,1.0,0.0002715814416916351,PASS,PASS
VerbrauchData,214,4.1.1.20,Wasserstoffverbrauch PVk,GWh/a,0.0,0.0,0.0,,,,,,,,,,,,,,NO_DATA,NO_DATA
VerbrauchData,197,4.1.1.3,Nutzungsgrad Traktionsmix,%,27.075,62.6736,1.0,4. Verbrauch,128,*Nutzungsgrad Traktionsmix ,%,,27.075,62.67931307672608,0.0,9.114772395619843e-05,1.0,0.0,1.0,9.114772395619843e-05,EXACT,PASS_COSMETIC
VerbrauchData,236,4.1.1.4.0,Nutzenergie (NE) gesamt PVk,GWh/a,116643.4542015,0.0,1.0,4. Verbrauch,129,=Nutzenergie (NE) gesamt PVk ,GWh/a,,116675.14100450359,,0.0002715814416916867,,1.0,0.0002715814416916867,,,PASS,NO_DATA
VerbrauchData,237,4.1.1.4.1,Nutzenergie (NE) gesamt PVk,GWh/a,0.0,116643.4542015,1.0,4. Verbrauch,129,=Nutzenergie (NE) gesamt PVk ,GWh/a,,116675.14100450359,,1.0,,1.0,1.0,,,DRIFT,NO_DATA
VerbrauchData,199,4.1.1.5,Anteil Elektrotraktion an PvK-Leistung,%,8.6,86.0,1.0,4. Verbrauch,131,Anteil Elektrotraktion an PvK-Leistung,% v.[135] + [141] ,1.888,8.642659279778393,86,0.004935897435897384,0.0,1.0,0.004935897435897384,1.0,0.0,DRIFT,EXACT
VerbrauchData,200,4.1.1.6,Anteil Elektrotraktion an Endverbr. PVk,%,3.0,69.1,1.0,4. Verbrauch,132,Anteil Elektrotraktion an Endverbr. PVk,% v.[136] + [142] ,1.897,3,69.1071584230155,0.0,0.00010358439239670742,1.0,0.0,1.0,0.00010358439239670742,EXACT,PASS
VerbrauchData,201,4.1.1.7,Nutzungsgrad Elektrotraktion (NG e),%,78.0,78.0,1.0,4. Verbrauch,133,Nutzungsgrad Elektrotraktion (NG e),%,1.906,78,78,0.0,0.0,1.0,0.0,1.0,0.0,EXACT,EXACT
VerbrauchData,202,4.1.1.8,Anteil NE Elektrotrakt.an Endverbr. PVk,%,2.34,53.897999999999996,1.0,4. Verbrauch,134,Anteil NE Elektrotrakt.an Endverbr. PVk,% v.[136] + [142] ,,2.34,53.9035835699521,0.0,0.00010358439239675486,1.0,0.0,1.0,0.00010358439239675486,EXACT,PASS
VerbrauchData,203,4.1.1.9,Anteil NE Elektrotrakt.an NE ges.PVk,%,8.642659279778393,85.99793214367772,0.0,,,,,,,,,,,,,,NO_DATA,NO_DATA
VerbrauchData,215,4.1.2,davon Güterverkehr u. a. (GVk),%,32.599999999999994,32.599999999999994,1.0,4. Verbrauch,150,*davon Güterverkehr u. a. (GVk),%,,32.58167818045524,32.58167818045524,0.0005620190044402552,0.0005620190044402552,1.0,0.0005620190044402552,1.0,0.0005620190044402552,PASS,PASS
VerbrauchData,216,4.1.2.1,Zieleinfluss Güterverk.-Leistung/Pers.,%,100.0,100.0,1.0,4. Verbrauch,151,*Zieleinfluss Güterverk.-Leistung/Pers.,%,1.930,100,100,0.0,0.0,1.0,0.0,1.0,0.0,EXACT,EXACT
VerbrauchData,225,4.1.2.10,Stromverbrauch GVk,GWh/a,15211.515014,68917.96699332153,0.0,,,,,,,,,,,,,,NO_DATA,NO_DATA
VerbrauchData,226,4.1.2.11,Anteil Verbrenn.-Trakt.an Endverbr.GVk,%,92.7,33.099999999999994,1.0,4. Verbrauch,163,Anteil Verbrenn.-Trakt.an Endverbr.GVk,% v.[161] +[167] ,,92.69019450067265,33.07871721099083,0.0001057766917729926,0.0006429845622103669,1.0,0.0001057766917729926,1.0,0.0006429845622103669,PASS,PASS
VerbrauchData,227,4.1.2.12,Nutzungsgrad Verbrenn.-Traktion (NG k),%,27.0,30.1,1.0,4. Verbrauch,139,Nutzungsgrad Verbrenn.Traktion (NG k),%,1.913,25.5,28.407000000000004,0.05555555555555555,0.05624584717607966,1.0,0.05555555555555555,1.0,0.05624584717607966,DRIFT,DRIFT
VerbrauchData,228,4.1.2.13,Anteil NE Verbrenn-Trakt.an Endverbr.GVk,%,25.029,9.963099999999999,1.0,4. Verbrauch,165,Anteil NE Verbrenn-Trakt.an Endverbr.GVk,% v.[161] +[167] ,,25.026352515181618,9.949416562721824,0.00010577669177283931,0.0013734116166830498,1.0,0.00010577669177283931,1.0,0.0013734116166830498,PASS,DRIFT
VerbrauchData,229,4.1.2.14,Anteil NE Verbrenn.Trakt.an NE ges.GVk,%,81.46665364710478,16.03199608657802,0.0,,,,,,,,,,,,,,NO_DATA,NO_DATA
VerbrauchData,230,4.1.2.15,Kohlenwasserstoff-Verbr.(gasf.) GVk,GWh/a,193165.40298599997,34098.42612076146,0.0,,,,,,,,,,,,,,NO_DATA,NO_DATA
VerbrauchData,241,4.1.2.15.1,Alternativ zur Kraftstofftraktion: Brennstoffzellen (FC) -Traktion: (Passiv),,,,0.949,4. Verbrauch,168,Alternativ zur Kraftstofftraktion: Brennstoffzellen (FC) -Traktion:,,,,(Passiv),,inf,,,1.0,inf,NO_DATA,NO_MATCH
VerbrauchData,231,4.1.2.16,Anteil FC-Trakt.an Endverbr.GVk,%,0.0,0.0,1.0,4. Verbrauch,169,Anteil FC-Trakt.an Endverbr.GVk,% v.[161] +[173] ,,,0,,0.0,,,1.0,0.0,NO_DATA,EXACT
VerbrauchData,232,4.1.2.17,Nutzungsgrad FC-Traktion (NG FC),%,35.0,35.0,1.0,4. Verbrauch,145,Nutzungsgrad FC-Traktion (NG FC),%,1.924,35,35,0.0,0.0,1.0,0.0,1.0,0.0,EXACT,EXACT
VerbrauchData,233,4.1.2.18,Anteil NE FC-Trakt.an Endverbr.GVk,%,0.0,0.0,1.0,4. Verbrauch,171,Anteil NE FC-Trakt.an Endverbr.GVk,% v.[161] +[173] ,,,0,,0.0,,,1.0,0.0,NO_DATA,EXACT
VerbrauchData,234,4.1.2.19,Anteil NE FC-Trakt.an NE ges.GVk,%,0.0,0.0,0.0,,,,,,,,,,,,,,NO_DATA,NO_DATA
VerbrauchData,217,4.1.2.2,Bedarfsniveau GVk (nach Entwicklung),GWh/a,208376.91799999998,208376.91799999998,1.0,4. Verbrauch,152,=Bedarfsniveau GVk (nach Entwicklung),GWh/a,,208259.76834669884,208259.76834669884,0.0005622007198567826,0.0005622007198567826,1.0,0.0005622007198567826,1.0,0.0005622007198567826,PASS,PASS
VerbrauchData,235,4.1.2.20,Wasserstoffverbrauch GVk,GWh/a,0.0,0.0,0.0,,,,,,,,,,,,,,NO_DATA,NO_DATA
VerbrauchData,218,4.1.2.3,Nutzungsgrad Traktionsmix,%,30.723,62.145100000000006,1.0,4. Verbrauch,128,*Nutzungsgrad Traktionsmix ,%,,27.075,62.67931307672608,0.11873840445269015,0.008522956785951729,1.0,0.11873840445269015,1.0,0.008522956785951729,DRIFT,DRIFT
VerbrauchData,238,4.1.2.4.0,Nutzenergie (NE) gesamt GVk,GWh/a,64019.64051714,0.0,1.0,4. Verbrauch,154,=Nutzenergie (NE) gesamt GVk ,GWh/a,,63994.06329335034,,0.00039952151532016356,,1.0,0.00039952151532016356,,,PASS,NO_DATA
VerbrauchData,239,4.1.2.4.1,Nutzenergie (NE) gesamt GVk,GWh/a,0.0,64019.64051714,1.0,4. Verbrauch,154,=Nutzenergie (NE) gesamt GVk ,GWh/a,,63994.06329335034,,1.0,,1.0,1.0,,,DRIFT,NO_DATA
VerbrauchData,220,4.1.2.5,Anteil Elektrotraktion an GVk-Leistung,%,18.6,84.0,1.0,4. Verbrauch,156,Anteil Elektrotraktion an GVk-Leistung,% v.[160] + [166] ,1.936,18.555220450955044,84,0.0024075026368256544,0.0,1.0,0.0024075026368256544,1.0,0.0,DRIFT,EXACT
VerbrauchData,221,4.1.2.6,Anteil Elektrotraktion an Endverbr. GVk,%,7.3,66.9,1.0,4. Verbrauch,157,Anteil Elektrotraktion an Endverbr. GVk,% v.[161] +[167] ,1.945,7.309805499327357,66.92128278900917,0.0013414172686618813,0.00031802721230350537,1.0,0.0013414172686618813,1.0,0.00031802721230350537,DRIFT,PASS
VerbrauchData,222,4.1.2.7,Nutzungsgrad Elektrotraktion (NG e),%,78.0,78.0,1.0,4. Verbrauch,133,Nutzungsgrad Elektrotraktion (NG e),%,1.906,78,78,0.0,0.0,1.0,0.0,1.0,0.0,EXACT,EXACT
VerbrauchData,223,4.1.2.8,Anteil NE Elektrotrakt.an Endverbr. GVk,%,5.694,52.18200000000001,1.0,4. Verbrauch,159,Anteil NE Elektrotrakt.an Endverbr. GVk,% v.[161] +[167] ,,5.701648289475338,52.19860057542715,0.001341417268661841,0.0003180272123033856,1.0,0.001341417268661841,1.0,0.0003180272123033856,DRIFT,PASS
VerbrauchData,224,4.1.2.9,Anteil NE Elektrotrakt.an NE ges.GVk,%,18.533346352895226,83.96800391342198,0.0,,,,,,,,,,,,,,NO_DATA,NO_DATA
VerbrauchData,242,5.0,Bedarfsniveau (statisch),GWh/a,114520.0,114520.0,1.0,4. Verbrauch,45,Bedarfsniveau (statisch),GWh/a,,798867.2532382089,798867.2532382089,0.8566470217225789,0.8566470217225789,1.0,0.8566470217225789,1.0,0.8566470217225789,DRIFT,DRIFT
VerbrauchData,243,5.1,Zieleinfluss Luftverk.-Leistung/Person,%,100.0,100.0,1.0,4. Verbrauch,177,*Zieleinfluss Luftverk.-Leistung/Person,%,1.968,100,100,0.0,0.0,1.0,0.0,1.0,0.0,EXACT,EXACT
VerbrauchData,244,5.2,Bedarfsniv. Luftverk. (nach Entwicklung),GWh/a,114520.0,114520.0,1.0,4. Verbrauch,178,=Bedarfsniv. Luftverk. (nach Entwicklung),GWh/a,,114519.90062392101,114519.900623921,8.67761779480415e-07,8.677617796074838e-07,1.0,8.67761779480415e-07,1.0,8.677617796074838e-07,PASS_COSMETIC,PASS_COSMETIC
VerbrauchData,245,5.2.1,Zieleinfluss Luftverkehrs-Effizienz,%,100.0,87.0,1.0,4. Verbrauch,179,*Zieleinfluss Luftverkehrs-Effizienz,%,1.973,100,87,0.0,0.0,1.0,0.0,1.0,0.0,EXACT,EXACT
VerbrauchData,246,5.2.2,Kraftstoffverbrauch (flüssig) Luftverkehr,GWh/a,114520.0,99632.4,1.0,4. Verbrauch,180,=Kraftstoffverbrauch (flüssig) Luftverkehr,GWh/a,,114519.90062392101,99632.31354281127,8.67761779480415e-07,8.677617795154685e-07,1.0,8.67761779480415e-07,1.0,8.677617795154685e-07,PASS_COSMETIC,PASS_COSMETIC
VerbrauchData,247,6.0,Endenergieverbrauch MA gesamt,GWh/a,753713.0,388761.3735331111,0.9,4. Verbrauch,182,Endenergieverbrauch MA gesamt,GWh/a,,753712.784407383,388748.88640887616,2.8604073042737385e-07,3.212028016435196e-05,1.0,2.8604073042737385e-07,1.0,3.212028016435196e-05,PASS_COSMETIC,PASS_COSMETIC
VerbrauchData,248,6.1,davon Kraftstoffe,GWh/a,725577.002526,191239.61347024117,0.9,4. Verbrauch,183,davon Kraftstoffe,GWh/a,,725561.4069447867,191199.44330611525,2.1494040135047884e-05,0.00021005148147386409,1.0,2.1494040135047884e-05,1.0,0.00021005148147386409,PASS_COSMETIC,PASS
VerbrauchData,249,6.1.1,davon Wasserstoff (FC-Traktion),GWh/a,0.0,0.0,0.9,4. Verbrauch,184,davon Wasserstoff (FC-Traktion),GWh/a,,0,0,0.0,0.0,1.0,0.0,1.0,0.0,EXACT,EXACT
VerbrauchData,250,6.1.2,davon Kohlenwassserst.(gasförmig),GWh/a,611057.002526,91607.21347024117,0.9,4. Verbrauch,185,davon Kohlenwassserst.(gasförmig),GWh/a,,611041.5063208656,91567.12976330398,2.535967196247676e-05,0.0004375605961446822,1.0,2.535967196247676e-05,1.0,0.0004375605961446822,PASS_COSMETIC,PASS
VerbrauchData,251,6.1.3,"dav.Kohlenwasserst. (flüssig, für Luftverk.)",GWh/a,114520.0,99632.4,0.9,4. Verbrauch,186,"dav.Kohlenwasserst. (flüssig, für Luftverk.)",GWh/a,,114519.90062392101,99632.31354281127,8.67761779480415e-07,8.677617795154685e-07,1.0,8.67761779480415e-07,1.0,8.677617795154685e-07,PASS_COSMETIC,PASS_COSMETIC
VerbrauchData,252,6.2,davon Strom,GWh/a,28135.997474,197521.76006286996,0.9,3. Bedarfsniveau,16,davon Strom,GWh/a,,329214.0656749311,329214.0656749311,0.9145358585565974,0.40002028875064927,100.0,0.8829918626559615,1.0,0.40002028875064927,DRIFT_SCALE_100.0,DRIFT
VerbrauchData,253,7,Strom-Endverbrauch insgesamt,GWh/a,461869.2220968377,1005742.8543367754,1.0,4. Verbrauch,189,Strom-Endverbrauch insgesamt,GWh/a,,467131.23274726106,1003827.9660048089,0.011264523289262354,0.0019039542003300874,1.0,0.011264523289262354,1.0,0.0019039542003300874,DRIFT,DRIFT
VerbrauchData,254,8,Endenergieverbrauch insgesamt,GWh/a,2432616.134253548,1863864.838399511,1.0,4. Verbrauch,18,Endenergieverbrauch insgesamt,GWh/a,,2437188.6728744195,1855292.3330287721,0.0018761529100160478,0.004599317071778699,1.0,0.0018761529100160478,1.0,0.004599317071778699,DRIFT,DRIFT
VerbrauchData,255,9,Grundstoff-Synthetisierung,,,,1.0,4. Verbrauch,193,Grundstoff-Synthetisierung,,,,,,,,,,,NO_DATA,NO_DATA
VerbrauchData,256,9.1,Bedarfsniveau Grundstoffe (statisch),kWh/a/Pers.,2337.0,2337.0,1.0,4. Verbrauch,194,Bedarfsniveau Grundstoffe (statisch),kWh/a/Pers.,1.584,2336.626000262364,2336.626000262364,0.0001600341196559866,0.0001600341196559866,1.0,0.0001600341196559866,1.0,0.0001600341196559866,PASS,PASS
VerbrauchData,257,9.1.1,* Zieleinfluss Kunststofferzeugung/Pers.,%,100.0,53.0,1.0,4. Verbrauch,195,*Zieleinfluss Kunststofferzeugung/Pers.,%,1.584,100,53,0.0,0.0,1.0,0.0,1.0,0.0,EXACT,EXACT
VerbrauchData,258,9.1.2,= Bedarf an Grundstoffen,GWh/a,197841.0,104855.0,1.0,4. Verbrauch,196,=Bedarf an Grundstoffen,GWh/a,,197840.5485562902,104855.4907348338,2.2818511320273785e-06,4.680106214399264e-06,1.0,2.2818511320273785e-06,1.0,4.680106214399264e-06,PASS_COSMETIC,PASS_COSMETIC
VerbrauchData,259,9.1.3,* Anteil aus H2 synthetisierter Grundstoffe,%,0.0,73.0,1.0,4. Verbrauch,197,*Anteil aus H2 synthetisierter Grundstoffe ,%,1.981,0,73,0.0,0.0,1.0,0.0,1.0,0.0,EXACT,EXACT
VerbrauchData,260,9.1.4,= Bedarf an synthetischen Grundstoffen,GWh/a,0.0,76544.15,1.0,4. Verbrauch,198,=Bedarf an synthetischen Grundstoffen,GWh/a,,0,76544.50823642868,0.0,4.6801062145228355e-06,1.0,0.0,1.0,4.6801062145228355e-06,EXACT,PASS_COSMETIC
RenewableData,181,5.1,Anbaufläche Energiepflanzen für Biogas,ha,1410000.0,1307000.0,1.0,2. Erneuerbare,98,Anbaufläche Energiepflanzen für Biogas,ha,,1410000,1307000,0.0,0.0,1.0,0.0,1.0,0.0,EXACT,EXACT
RenewableData,182,5.1.1,Biogas – Methanertrag,MWh/ha/a,50.9,40.7528,1.0,2. Erneuerbare,99,*Biogas - Methanertrag,MWh/ha/a,1.373,50.94089834515367,40.75271867612294,0.0008028587339893706,1.995540847790436e-06,1.0,0.0008028587339893706,1.0,1.995540847790436e-06,PASS,PASS_COSMETIC
RenewableData,183,5.1.2,Biogas aus Energiepflanzen-Anbau,GWh/a,71769.0,53263.9096,1.0,2. Erneuerbare,100,+=Biogas aus Energiepflanzen-Anbau,GWh/a,,71826.66666666667,53263.80330969268,0.0008028587339893008,1.9955408477558853e-06,1.0,0.0008028587339893008,1.0,1.9955408477558853e-06,PASS,PASS_COSMETIC
RenewableData,184,5.2,Biogas aus Abfall-/Reststoffverwertung,GWh/a,15998.0,44571.0,1.0,2. Erneuerbare,102,+Biogas aus Abfall-/Reststoffverwertung,GWh/a,1.384,15997.66081871345,44571.22807017545,2.120148059446361e-05,5.116982082942454e-06,1.0,2.120148059446361e-05,1.0,5.116982082942454e-06,PASS_COSMETIC,PASS_COSMETIC
RenewableData,185,5.3,Biogas aus Kläranlagen und Deponien,GWh/a,4558.0,12762.0,1.0,2. Erneuerbare,103,+Biogas aus Kläranlagen und Deponien,GWh/a,1.391,4557.894736842105,12762.105263157895,2.3094154869465565e-05,8.24810293634715e-06,1.0,2.3094154869465565e-05,1.0,8.24810293634715e-06,PASS_COSMETIC,PASS_COSMETIC
RenewableData,186,5.4,Biogasaufkommen insgesamt,GWh/a,92325.0,110596.9096,1.0,2. Erneuerbare,104,=Biogasaufkommen insgesamt,GWh/a,,92382.22222222223,110597.13664302602,0.0006194072933706603,2.052883401112668e-06,1.0,0.0006194072933706603,1.0,2.052883401112668e-06,PASS,PASS_COSMETIC
RenewableData,187,5.4.1,davon Einsatz für Prozesswärme,%,0.0,15.510515772029533,1.0,2. Erneuerbare,81,=davon Einsatz für Prozesswärme,GWh/a,,25697.16007897475,115591.43019165192,1.0,0.9998658160406328,1.0,1.0,10000.0,0.2547544395647979,DRIFT,DRIFT_SCALE_10000.0
RenewableData,188,5.4.1.1,Biogas für Prozesswärme,GWh/a,0.0,17154.151106885245,1.0,2. Erneuerbare,106,=Biogas für Prozesswärme,GWh/a,,0,17161.289945777084,0.0,0.00041598498215428156,1.0,0.0,1.0,0.00041598498215428156,EXACT,PASS
RenewableData,189,5.4.2,davon für Verstromung,%,96.1,0.0,1.0,2. Erneuerbare,64,*davon für Verstromung,%,1.291,5.394273899051208,0,0.943868117595721,0.0,0.01,0.8218481267387944,1.0,0.0,DRIFT_SCALE_0.01,EXACT
RenewableData,190,5.4.2.1,Nutzungsgrad Kraftwerk,%,37.5,45.0,1.0,2. Erneuerbare,84,*Nutzungsgrad Kraftwerk,%,1.337,25,35,0.3333333333333333,0.2222222222222222,1.0,0.3333333333333333,1.0,0.2222222222222222,DRIFT,DRIFT
RenewableData,191,5.4.2.2,Bruttostromerzeugung,GWh/a,33271.621875,0.0,1.0,2. Erneuerbare,15,=Bruttostromerzeugung,GWh/a,,44339.5105,365420.8998001215,0.24961684286072577,1.0,1.0,0.24961684286072577,1.0,1.0,DRIFT,DRIFT
RenewableData,192,5.4.2.3,Nutzungsgrad KWK-Abwärme effektiv,%,21.9,25.0,1.0,2. Erneuerbare,86,*Nutzungsgrad KWK-Abwärme effektiv,%,1.344,45,45,0.5133333333333334,0.4444444444444444,1.0,0.5133333333333334,1.0,0.4444444444444444,DRIFT,DRIFT
RenewableData,193,5.4.2.4,Gebäudewärme (Endenergie),GWh/a,19430.627174999998,0.0,1.0,2. Erneuerbare,112,=Gebäudewärme (Endenergie),GWh/a,,19431.7392172003,0,5.7228135262136095e-05,0.0,1.0,5.7228135262136095e-05,1.0,0.0,PASS_COSMETIC,EXACT
RenewableData,194,5.4.3,davon Biomethan für mobile Anwendungen,%,1.2,84.5,1.0,2. Erneuerbare,114,*davon Biomethan für mobile Anwendungen,%,1.419,1.2498871057044014,84.48306125576423,0.039913289349670096,0.0002004585116659542,1.0,0.039913289349670096,1.0,0.0002004585116659542,DRIFT,PASS
RenewableData,195,5.4.3.1,Nutzungsgrad Kraftstoffbereitstellung,%,98.0,98.0,1.0,2. Erneuerbare,115,*Nutzungsgrad Kraftstoffbereitstellung,%,1.424,98,98,0.0,0.0,1.0,0.0,1.0,0.0,EXACT,EXACT
RenewableData,196,5.4.3.2,Biokraftstoff (gasförmig),GWh/a,1085.7420000000002,91585.30083975999,1.0,2. Erneuerbare,116,=Biokraftstoff (gasförmig),GWh/a,,1131.580013848367,91567.12976330396,0.040507974060514866,0.0001984060355691709,1.0,0.040507974060514866,1.0,0.0001984060355691709,DRIFT,PASS
RenewableData,197,5.4.4,davon Flüssigkraftstoff für mobile Anwendungen,%,2.7,0.0,0.588,3. Bedarfsniveau,31,Mobile Anwendungen,GWh/a,,753712.784407383,753712.784407383,0.9999964177335773,1.0,10000.0,0.9641773357722343,1.0,1.0,DRIFT_SCALE_10000.0,DRIFT
RenewableData,198,5.4.4.1,Nutzungsgrad Kraftstofferzeugung,%,45.0,45.0,1.0,2. Erneuerbare,119,*Nutzungsgrad Kraftstofferzeugung,%,1.435,45,45,0.0,0.0,1.0,0.0,1.0,0.0,EXACT,EXACT
RenewableData,199,5.4.4.2,Biokraftstoff (flüssig),GWh/a,1121.74875,0.0,1.0,2. Erneuerbare,120,=Biokraftstoff (flüssig),GWh/a,,1103.7364581266124,0,0.016057331798575696,0.0,1.0,0.016057331798575696,1.0,0.0,DRIFT,EXACT
RenewableData,180,5,,,,,0,,,,,,,,,,,,,,NO_DATA,NO_DATA
RenewableData,241,6.1,Biodiesel (inkl. Pflanzenöl),,738429.602,498520.30083976,1.0,2. Erneuerbare,123,Biodiesel (inkl. Pflanzenöl),,#REF!,,,,,,,,,NO_DATA,NO_DATA
RenewableData,242,6.1.1,Anbaufläche Ölpflanzen für Biodiesel,ha,665000.0,303000.0,1.0,2. Erneuerbare,124,Anbaufläche Ölpflanzen für Biodiesel,ha,,665000,303000,0.0,0.0,1.0,0.0,1.0,0.0,EXACT,EXACT
RenewableData,245,6.1.2,Biodiesel aus Import (+) / Export (-),GWh/a,13403.0,0.0,1.0,2. Erneuerbare,128,+Biodiesel aus Import (+) / Export (-),GWh/a,1.458,13402.583333333332,0,3.108756746011187e-05,0.0,1.0,3.108756746011187e-05,1.0,0.0,PASS_COSMETIC,EXACT
RenewableData,246,6.1.3,Biodiesel Gesamtaufkommen,GWh/a,25240.0,4302.6,1.0,2. Erneuerbare,129,=Biodiesel Gesamtaufkommen ,GWh/a,,25206.333333333332,4302.6,0.0013338615953513422,0.0,1.0,0.0013338615953513422,1.0,0.0,DRIFT,EXACT
RenewableData,243,6.1.1.1,Biodiesel – Energieertrag,MWh/ha/a,17.8,14.2,1.0,2. Erneuerbare,125,*Biodiesel - Energieertrag,MWh/ha/a,1.450,17.75,14.200000000000001,0.0028089887640449836,0.0,1.0,0.0028089887640449836,1.0,0.0,DRIFT,EXACT
RenewableData,244,6.1.1.2,Biodiesel aus eigenem Anbau,GWh/a,11837.0,4302.6,1.0,2. Erneuerbare,126,+=Biodiesel aus eigenem Anbau,GWh/a,,11803.75,4302.6,0.0028089887640449437,0.0,1.0,0.0028089887640449437,1.0,0.0,DRIFT,EXACT
RenewableData,247,6.1.3.1,davon Einsatz für mobile Anwendungen,%,99.1,100.0,1.0,2. Erneuerbare,130,*davon Einsatz für mobile Anwendungen,%,1.472,99.07430672185562,100,0.00025926617703707084,0.0,1.0,0.00025926617703707084,1.0,0.0,PASS,EXACT
RenewableData,248,6.1.3.1.1,Biokraftstoff (flüssig),GWh/a,25012.84,4302.6,1.0,2. Erneuerbare,120,=Biokraftstoff (flüssig),GWh/a,,1103.7364581266124,0,0.9558732051967465,1.0,0.01,0.773380322668197,0.0001,0.43026000000000003,DRIFT_SCALE_0.01,DRIFT_SCALE_0.0001
RenewableData,249,6.1.3.2,davon Einsatz für Verstromung,%,0.9,0.0,1.0,2. Erneuerbare,83,=davon Einsatz für Verstromung,GWh/a,,6741.271131958609,0,0.9998664940213229,0.0,10000.0,0.25096987422682127,1.0,0.0,DRIFT_SCALE_10000.0,EXACT
RenewableData,250,6.1.3.2.1,Nutzungsgrad Blockheizkraftwerk,%,39.0,39.0,1.0,2. Erneuerbare,134,*Nutzungsgrad Blockheizkraftwerk,%,1.482,39,39,0.0,0.0,1.0,0.0,1.0,0.0,EXACT,EXACT
RenewableData,251,6.1.3.2.2,Bruttostromerzeugung,GWh/a,88.5924,0.0,1.0,2. Erneuerbare,15,=Bruttostromerzeugung,GWh/a,,44339.5105,365420.8998001215,0.9980019535849409,1.0,1000.0,0.4995111262365621,1.0,1.0,DRIFT_SCALE_1000.0,DRIFT
RenewableData,252,6.1.3.2.3,Nutzungsgrad KWK-Abwärme effektiv,%,50.0,50.0,1.0,2. Erneuerbare,86,*Nutzungsgrad KWK-Abwärme effektiv,%,1.344,45,45,0.1,0.1,1.0,0.1,1.0,0.1,DRIFT,DRIFT
RenewableData,253,6.1.3.2.4,Gebäudewärme (Endenergie),GWh/a,113.58000000000001,0.0,1.0,2. Erneuerbare,112,=Gebäudewärme (Endenergie),GWh/a,,19431.7392172003,0,0.994154923615923,0.0,100.0,0.41549236159230174,1.0,0.0,DRIFT_SCALE_100.0,EXACT
RenewableData,254,6.2,Bioethanol,,0.0,0.0,1.0,2. Erneuerbare,139,Bioethanol,,#REF!,,,,,,,,,NO_DATA,NO_DATA
RenewableData,255,6.2.1,Anbaufläche Energiepflanzen für Bioethanol,ha,216200.0,0.0,0.636,2. Erneuerbare,57,Anbaufläche,ha,,11200,11200,0.9481961147086031,1.0,0.01,0.8069642857142857,1.0,1.0,DRIFT_SCALE_0.01,DRIFT
RenewableData,258,6.2.2,Bioethanol aus Import (+) / Export (-),GWh/a,4991.0,0.0,1.0,2. Erneuerbare,144,+Bioethanol aus Import (+) / Export (-),GWh/a,1.509,4991.28298,0,5.669484201433762e-05,0.0,1.0,5.669484201433762e-05,1.0,0.0,PASS_COSMETIC,EXACT
RenewableData,259,6.2.3,Bioethanol gesamt – Mobile Anwendungen,GWh/a,8688.02,0.0,0.639,2. Erneuerbare,139,Bioethanol,,#REF!,,,,,,,,,NO_DATA,NO_DATA
RenewableData,256,6.2.1.1,Bioethanol – Energieertrag (brutto),MWh/ha/a,17.1,13.7,1.0,2. Erneuerbare,141,*Bioethanol - Energieertrag (brutto),MWh/ha/a,1.499,17.1171,13.69368,0.000999000999000954,0.000461313868613049,1.0,0.000999000999000954,1.0,0.000461313868613049,PASS,PASS
RenewableData,257,6.2.1.2,Bioethanol aus eigenem Anbau,GWh/a,3697.0200000000004,0.0,1.0,2. Erneuerbare,142,+=Bioethanol aus eigenem Anbau ,GWh/a,,3700.71702,0,0.0009990009990008938,0.0,1.0,0.0009990009990008938,1.0,0.0,PASS,EXACT
RenewableData,240,6,Biogene Brennstoffe (flüssig),,,,1.0,2. Erneuerbare,122,Biogene Brennstoffe (flüssig),,,,,,,,,,,NO_DATA,NO_DATA
RenewableData,482,7.1.4,Biogene Kraftstoffe (Wärme),MWh,73937.11493026103,10760.133796534526,0.0,,,,,,,,,,,,,,NO_DATA,NO_DATA
RenewableData,441,10,Endenergieangebot aus erneuerbaren Quellen gesamt,,,,1.0,2. Erneuerbare,229,Endenergieangebot aus erneuerbaren Quellen gesamt,,,,,,,,,,,NO_DATA,NO_DATA
RenewableData,442,10.1,Endenergie aus Erneuerbaren Q. gesamt,GWh/a,391499.46025213203,1863869.0257823425,1.0,2. Erneuerbare,230,Endenergie aus Erneuerbaren Q. gesamt,GWh/a,,459452.05288486544,2061993.1821718658,0.14789920342299942,0.09608380769758033,1.0,0.14789920342299942,1.0,0.09608380769758033,DRIFT,DRIFT
RenewableData,443,10.2,Strom,alle Anwendungsbereiche,242606.15875803898,1005742.8543367749,0.75,2. Erneuerbare,12,Solarstrom,,,,,,,,,,,NO_DATA,NO_DATA
RenewableData,444,10.2.1,Stromverbrauch insgesamt,GWh/a,461869.2220968377,1005742.8543367754,0.588,6. Fossile,93,Insgesamt,#REF!,,#DIV/0!,,inf,,1.0,inf,,,NO_MATCH,NO_DATA
RenewableData,445,10.2.2,Anteil Erneuerb. an Stromverbrauch,%,52.52702435044979,99.99999999999996,0.0,,,,,,,,,,,,,,NO_DATA,NO_DATA
RenewableData,446,10.3,Kraft/Licht/Inform.Komm.Tech./Kälte,KLIK,172995.4884722678,312753.29999999993,0.0,,,,,,,,,,,,,,NO_DATA,NO_DATA
RenewableData,447,10.3.1,davon Strom,erneuerb. Anteil,172995.4884722678,312753.29999999993,0.9,3. Bedarfsniveau,16,davon Strom,GWh/a,,329214.0656749311,329214.0656749311,0.474519753226203,0.05000018951554967,1.0,0.474519753226203,1.0,0.05000018951554967,DRIFT,DRIFT
RenewableData,448,10.4,Gebäudewärme,GW,105664.95064129012,672112.3905601414,1.0,2. Erneuerbare,10,=Gebäudewärme,GWh/a,,8448.999999999998,11515.25766892756,0.9200397109096038,0.9828670653440407,0.01,0.8749379208885192,0.01,0.41632883094422607,DRIFT_SCALE_0.01,DRIFT_SCALE_0.01
RenewableData,449,10.4.1,davon Brennstoffe,GWh/a,88453.6052475208,0.0,0.9,4. Verbrauch,76,*davon Brennstoffe,% v. [75] ,1.810,79.16331241968767,0,0.9991050301206135,0.0,0.001,0.10503012061335418,1.0,0.0,DRIFT_SCALE_0.001,EXACT
RenewableData,450,10.4.1.1,davon Kohlenwasserstoffe,gasförmig,0.0,0.0,0.0,,,,,,,,,,,,,,NO_DATA,NO_DATA
RenewableData,451,10.4.1.2,davon Kohlenwasserstoffe,flüssig,0.0,0.0,0.0,,,,,,,,,,,,,,NO_DATA,NO_DATA
RenewableData,452,10.4.1.3,davon Kohlenwasserstoffe,fest,88453.6052475208,0.0,0.0,,,,,,,,,,,,,,NO_DATA,NO_DATA
RenewableData,453,10.4.2,davon Wärme,GWh/a,0.0,534161.9572712373,0.588,3. Bedarfsniveau,23,"davon Wärme (Fernw., Nahw., lokale W.)",GWh/a,,133580.49552011894,133580.49552011894,1.0,0.7499251047331899,1.0,1.0,1.0,0.7499251047331899,DRIFT,DRIFT
RenewableData,454,10.4.3,davon Strom,erneuerb. Anteil,17211.345393769323,137950.43328890414,0.9,3. Bedarfsniveau,16,davon Strom,GWh/a,,329214.0656749311,329214.0656749311,0.9477198966013684,0.5809704150820894,100.0,0.8087226430339898,1.0,0.5809704150820894,DRIFT_SCALE_100.0,DRIFT
RenewableData,455,10.5,Prozesswärme,PW,63273.416894164184,490263.8743195712,0.771,2. Erneuerbare,63,*davon für Prozesswärme,%,1.286,21.33447833119341,100,0.9996628208277912,0.9997960282100353,0.001,0.6628208277912502,0.0001,0.5097361256804288,DRIFT_SCALE_0.001,DRIFT_SCALE_0.0001
RenewableData,456,10.5.1,davon Brennstoffe,GWh/a,25653.094246572244,132746.51333457025,0.9,4. Verbrauch,76,*davon Brennstoffe,% v. [75] ,1.810,79.16331241968767,0,0.9969140832813855,1.0,0.001,0.6759471848452819,1.0,1.0,DRIFT_SCALE_0.001,DRIFT
RenewableData,457,10.5.1.1,davon Kohlenwasserstoffe,gasförmig,0.0,17154.151106885245,0.0,,,,,,,,,,,,,,NO_DATA,NO_DATA
RenewableData,458,10.5.1.2,davon Wasserstoff,GWh/a,0.0,0.0,0.693,4. Verbrauch,184,davon Wasserstoff (FC-Traktion),GWh/a,,0,0,0.0,0.0,1.0,0.0,1.0,0.0,EXACT,EXACT
RenewableData,459,10.5.1.3,davon Kohlenwasserstoffe,flüssig,0.0,0.0,0.0,,,,,,,,,,,,,,NO_DATA,NO_DATA
RenewableData,460,10.5.1.4,davon Kohlenwasserstoffe,fest,25653.094246572244,115592.362227685,0.0,,,,,,,,,,,,,,NO_DATA,NO_DATA
RenewableData,461,10.5.2,davon Wärme,GWh/a,0.0,0.0,0.588,3. Bedarfsniveau,23,"davon Wärme (Fernw., Nahw., lokale W.)",GWh/a,,133580.49552011894,133580.49552011894,1.0,1.0,1.0,1.0,1.0,1.0,DRIFT,DRIFT
RenewableData,462,10.5.3,davon Strom,erneuerb. Anteil,37620.32264759194,357517.36098500097,0.9,3. Bedarfsniveau,16,davon Strom,GWh/a,,329214.0656749311,329214.0656749311,0.8857268671966811,0.07916621232627996,1.0,0.8857268671966811,1.0,0.07916621232627996,DRIFT,DRIFT
RenewableData,463,10.6,Mobile Anwendungen,GWh/a,49565.604244409915,388739.4609026299,0.731,2. Erneuerbare,114,*davon Biomethan für mobile Anwendungen,%,1.419,1.2498871057044014,84.48306125576423,0.9999747831762619,0.9997826743365348,0.0001,0.7478317626188598,0.0001,0.5398610619402638,DRIFT_SCALE_0.0001,DRIFT_SCALE_0.0001
RenewableData,464,10.6.1,davon Kraftstoffe,GWh/a,34786.602,191217.70083976,0.9,4. Verbrauch,183,davon Kraftstoffe,GWh/a,,725561.4069447867,191199.44330611525,0.9520556059528024,9.54803533593015e-05,100.0,0.7914250414729249,1.0,9.54803533593015e-05,DRIFT_SCALE_100.0,PASS_COSMETIC
RenewableData,465,10.6.1.1,davon Wasserstoff,FC-Traktion,0.0,0.0,0.693,4. Verbrauch,184,davon Wasserstoff (FC-Traktion),GWh/a,,0,0,0.0,0.0,1.0,0.0,1.0,0.0,EXACT,EXACT
RenewableData,466,10.6.1.2,davon Kohlenwasserstoffe,gasförmig,1085.7420000000002,91585.30083975999,0.0,,,,,,,,,,,,,,NO_DATA,NO_DATA
RenewableData,467,10.6.1.3,davon Kohlenwasserstoffe flüssig,Luftverkehr,33700.86,99632.4,0.0,,,,,,,,,,,,,,NO_DATA,NO_DATA
RenewableData,468,10.6.2,davon Strom,erneuerb. Anteil,14779.00224440992,197521.76006286987,0.9,3. Bedarfsniveau,16,davon Strom,GWh/a,,329214.0656749311,329214.0656749311,0.9551082296131209,0.4000202887506495,100.0,0.777242022004933,1.0,0.4000202887506495,DRIFT_SCALE_100.0,DRIFT
RenewableData,469,10.7,Brennstoffe,alle Anwendungsbereiche,148893.30149409303,323964.21417433023,0.729,2. Erneuerbare,48,Biogene Brennstoffe (fest),,#REF!,,,,,,,,,NO_DATA,NO_DATA
RenewableData,470,10.7.1,davon Wasserstoff,GWh/a,0.0,0.0,0.693,4. Verbrauch,184,davon Wasserstoff (FC-Traktion),GWh/a,,0,0,0.0,0.0,1.0,0.0,1.0,0.0,EXACT,EXACT
RenewableData,471,10.7.2,davon Kohlenwasserstoffe,gasförmig,1085.7420000000002,108739.45194664523,0.0,,,,,,,,,,,,,,NO_DATA,NO_DATA
RenewableData,472,10.7.3,davon Kohlenwasserstoffe,flüssig,33700.86,99632.4,0.0,,,,,,,,,,,,,,NO_DATA,NO_DATA
RenewableData,473,10.7.4,davon Kohlenwasserstoffe,fest,114106.69949409305,115592.362227685,0.0,,,,,,,,,,,,,,NO_DATA,NO_DATA
RenewableData,474,10.8,Grundstoff Methan,stoffliche Verwendung,0.0,76544.15,0.0,,,,,,,,,,,,,,NO_DATA,NO_DATA
RenewableData,475,10.9,Primärenergie-Einsatz Biobrennstoffe,GWh/a,,,0.0,,,,,,,,,,,,,,NO_DATA,NO_DATA
RenewableData,476,10.9.1,Brennstoffe,alle Anwendungsbereiche,261372.34543048003,244929.87182768498,0.729,2. Erneuerbare,48,Biogene Brennstoffe (fest),,#REF!,,,,,,,,,NO_DATA,NO_DATA
RenewableData,477,10.9.1.1,davon Kohlenwasserstoffe,gasförmig,92325.0,110596.9096,0.0,,,,,,,,,,,,,,NO_DATA,NO_DATA
RenewableData,478,10.9.1.2,davon Kohlenwasserstoffe,flüssig,33928.020000000004,4302.6,0.0,,,,,,,,,,,,,,NO_DATA,NO_DATA
RenewableData,479,10.9.1.3,davon Kohlenwasserstoffe,fest,135119.32543048,130030.362227685,0.0,,,,,,,,,,,,,,NO_DATA,NO_DATA
RenewableData,483,11,fossil fuel,gwh/a,70.0,70.0,0.0,,,,,,,,,,,,,,NO_DATA,NO_DATA
RenewableData,484,11.1,fossil wood,Gwh/a,80.0,90.0,0.0,,,,,,,,,,,,,,NO_DATA,NO_DATA
RenewableData,485,11.2,fossil plastic,gwh/a,80.0,100.0,0.0,,,,,,,,,,,,,,NO_DATA,NO_DATA
RenewableData,486,11.3,total fossil,gwh/a,160.0,190.0,0.0,,,,,,,,,,,,,,NO_DATA,NO_DATA
RenewableData,489,11.4,fossil 5,gwh/a,160.0,,0.0,,,,,,,,,,,,,,NO_DATA,NO_DATA
RenewableData,491,12,Naina,gwh/a,160.0,,0.0,,,,,,,,,,,,,,NO_DATA,NO_DATA
RenewableData,121,4.,Biogene Brennstoffe (fest),,47659883.00765544,47934441.2626911,1.0,2. Erneuerbare,48,Biogene Brennstoffe (fest),,#REF!,,,,,,,,,NO_DATA,NO_DATA
RenewableData,157,4.4,Biogener Anteil der Abfälle (fest),,14438.0,14438.0,1.0,2. Erneuerbare,93,Biogener Anteil der Abfälle (fest) ,GWh/a,,14438,14438,0.0,0.0,1.0,0.0,1.0,0.0,EXACT,EXACT
RenewableData,158,4.4.1,Bruttostromerzeugung,GWh/a,4525.0,4525.0,1.0,2. Erneuerbare,15,=Bruttostromerzeugung,GWh/a,,44339.5105,365420.8998001215,0.8979465504022648,0.9876170191620811,1.0,0.8979465504022648,100.0,0.19244000044172047,DRIFT,DRIFT_SCALE_100.0
RenewableData,159,4.4.2,Wärmenetze GW (Endenergie),GWh/a,9913.0,9913.0,1.0,2. Erneuerbare,87,=Wärmenetze GW (Endenergie),GWh/a,,3033.572009381374,0,0.6939804287923561,1.0,1.0,0.6939804287923561,0.0001,0.9913000000000001,DRIFT,DRIFT_SCALE_0.0001
RenewableData,74,1.1,Solare Dachflächen,ha,34243.0,199396.038908,1.0,2. Erneuerbare,6,Solare Dachflächen,ha,,34242.69,199398.4011935508,9.052945127403314e-06,1.1847063650761892e-05,1.0,9.052945127403314e-06,1.0,1.1847063650761892e-05,PASS_COSMETIC,PASS_COSMETIC
RenewableData,76,1.1.1.1,Anteil an solaren Dachflächen,%,6.4,1.1,1.0,2. Erneuerbare,8,*Anteil an solaren Dachflächen,%,1.137,6.361941775018258,1.1,0.005946597653397195,0.0,1.0,0.005946597653397195,1.0,0.0,DRIFT,EXACT
RenewableData,80,1.1.2.1,Anteil an solaren Dachflächen (Strom),%,93.6,98.9,0.917,2. Erneuerbare,8,*Anteil an solaren Dachflächen,%,1.137,6.361941775018258,1.1,0.9320305365916853,0.9888776541961578,0.01,0.852875107459261,0.01,0.10090909090909089,DRIFT_SCALE_0.01,DRIFT_SCALE_0.01
RenewableData,122,4.1,Energieholz,,10086723.667438,9472655.639714886,1.0,2. Erneuerbare,49,Energieholz   ,,#REF!,,,,,,,,,NO_DATA,NO_DATA
RenewableData,123,4.1.1,Aus Forstwirtschaft,,9866633.0,9373000.0,1.0,2. Erneuerbare,50,Aus Forstwirtschaft,,1.243,,,,,,,,,NO_DATA,NO_DATA
RenewableData,124,4.1.1.1,Nutzbare Forstfläche,ha,9866633.0,9373000.0,1.0,2. Erneuerbare,51,Nutzbare Forstfläche,ha,,9866633,9373000,0.0,0.0,1.0,0.0,1.0,0.0,EXACT,EXACT
RenewableData,125,4.1.1.1.1,Energet. genutzter Anteil am Zuwachs,%,53.6,33.2,1.0,2. Erneuerbare,52,*Energet.genutzter Anteil am Zuwachs,%,1.245,53.62904409218901,33.241067207024656,0.0005415739303330444,0.0012354358772204183,1.0,0.0005415739303330444,1.0,0.0012354358772204183,PASS,DRIFT
RenewableData,126,4.1.1.1.1.1,Energieertrag,MWh/ha/a,22.71,22.728,1.0,2. Erneuerbare,9,*Energieertrag,MWh/ha/a,1.143,3878.356667431719,5250,0.9941444271511422,0.9956708571428571,100.0,0.4144427151142147,100.0,0.5670857142857143,DRIFT_SCALE_100.0,DRIFT_SCALE_100.0
RenewableData,127,4.1.1.1.1.2,Energieholzaufkommen,GWh/a,120102.18219047999,70725.808608,1.0,2. Erneuerbare,54,=Energieholzaufkommen ,GWh/a,,120114.3478370475,70726.05470543735,0.00010128387479590004,3.4795866723212517e-06,1.0,0.00010128387479590004,1.0,3.4795866723212517e-06,PASS,PASS_COSMETIC
RenewableData,128,4.1.2,"Aus Ackerbau (KUP, Miscanthus usw.)",,11200.0,11200.0,1.0,2. Erneuerbare,56,"Aus Ackerbau (KUP, Miscanthus usw.)",,1.264,,,,,,,,,NO_DATA,NO_DATA
RenewableData,129,4.1.2.1,Anbaufläche,ha,11200.0,11200.0,1.0,2. Erneuerbare,57,Anbaufläche,ha,,11200,11200,0.0,0.0,1.0,0.0,1.0,0.0,EXACT,EXACT
RenewableData,130,4.1.2.1.1,Energieertrag,MWh/ha/a,29.9,51.4,1.0,2. Erneuerbare,9,*Energieertrag,MWh/ha/a,1.143,3878.356667431719,5250,0.9922905491774174,0.9902095238095239,100.0,0.22905491774174455,100.0,0.02095238095238095,DRIFT_SCALE_100.0,DRIFT_SCALE_100.0
RenewableData,131,4.1.2.1.2,Energieholzaufkommen,GWh/a,334.88,575.68,1.0,2. Erneuerbare,54,=Energieholzaufkommen ,GWh/a,,120114.3478370475,70726.05470543735,0.9972119900242532,0.9918604253779232,1000.0,0.6413212260002165,100.0,0.18604253779231059,DRIFT_SCALE_1000.0,DRIFT_SCALE_100.0
RenewableData,132,4.1.3,Energieholzaufkommen gesamt,GWh/a,120437.06219047999,71301.488608,1.0,2. Erneuerbare,61,=Energieholzaufkommen gesamt,GWh/a,,120448.97316004492,71301.61026099291,9.888809553484096e-05,1.7061745514948692e-06,1.0,9.888809553484096e-05,1.0,1.7061745514948692e-06,PASS_COSMETIC,PASS_COSMETIC
RenewableData,133,4.1.3.1,davon für Gebäudewärme,%,73.3,0.0,1.0,2. Erneuerbare,62,*davon für Gebäudewärme,%,1.281,73.27124776975538,0,0.00039225416431951695,0.0,1.0,0.00039225416431951695,1.0,0.0,PASS,EXACT
RenewableData,134,4.1.3.2,davon für Prozesswärme,%,21.300000000000004,100.0,1.0,2. Erneuerbare,63,*davon für Prozesswärme,%,1.286,21.33447833119341,100,0.0016160850365389038,0.0,1.0,0.0016160850365389038,1.0,0.0,DRIFT,EXACT
RenewableData,135,4.1.3.3,davon für Verstromung,%,5.4,0.0,1.0,2. Erneuerbare,64,*davon für Verstromung,%,1.291,5.394273899051208,0,0.001060389064591214,0.0,1.0,0.001060389064591214,1.0,0.0,DRIFT,EXACT
RenewableData,136,4.1.3.4,davon für Wärmenetze GW,%,0.0,0.0,1.0,2. Erneuerbare,65,*davon für Wärmenetze GW,%,1.296,0,0,0.0,0.0,1.0,0.0,1.0,0.0,EXACT,EXACT
RenewableData,85,1.2,Solar genutzte Freiflächen,ha,19628.0,684640.8016282017,1.0,2. Erneuerbare,19,Solar genutzte Freiflächen,ha,,19627.65,887749.85,1.78316690441484e-05,0.228790856311379,1.0,1.78316690441484e-05,1.0,0.228790856311379,PASS_COSMETIC,DRIFT
RenewableData,116,3.,Laufwasser,,39949342.27816993,42301794.86816328,1.0,2. Erneuerbare,42,Laufwasser,,,,,,,,,,,NO_DATA,NO_DATA
RenewableData,117,3.1,Bodenfläche Nds.,ha,35759529.0,35759529.0,1.0,2. Erneuerbare,43,Bodenfläche Nds.,ha,,35759529,35759529,0.0,0.0,1.0,0.0,1.0,0.0,EXACT,EXACT
RenewableData,118,3.1.1,Nutzanteil am techn. Potenzial,%,79.0,79.0,1.0,2. Erneuerbare,44,*Nutzanteil am techn. Potenzial,%,1.231,79.01899631414801,79.01899631414801,0.0002404018658056639,0.0002404018658056639,1.0,0.0002404018658056639,1.0,0.0002404018658056639,PASS,PASS
RenewableData,119,3.1.1.1,Energieertrag (techn. Potenzial),MWh/ha/a,0.69,0.69,1.0,2. Erneuerbare,45,*Energieertrag (techn.Potenzial),MWh/ha/a,1.236,0.6904173709894221,0.6904173709894221,0.0004173709894221833,0.0004173709894221833,1.0,0.0004173709894221833,1.0,0.0004173709894221833,PASS,PASS
RenewableData,120,3.1.1.2,Bruttostromerzeugung,GWh/a,19492.5192579,19492.5192579,1.0,2. Erneuerbare,15,=Bruttostromerzeugung,GWh/a,,44339.5105,365420.8998001215,0.5603803687029878,0.9466573497340681,1.0,0.5603803687029878,100.0,0.8125327491201414,DRIFT,DRIFT_SCALE_100.0
RenewableData,146,4.3,Brennstoffaufkommen (fest) NAWARO gesamt,GWh/a,120681.32543047999,115592.362227685,0.0,,,,,,,,,,,,,,NO_DATA,NO_DATA
RenewableData,147,4.3.1,davon Einsatz für Gebäudewärme,GWh/a,88453.6052475208,0.0,1.0,2. Erneuerbare,79,=davon Einsatz für Gebäudewärme,GWh/a,,88254.46556022266,0,0.0022513461914965166,0.0,1.0,0.0022513461914965166,1.0,0.0,DRIFT,EXACT
RenewableData,148,4.3.2,davon Einsatz für Prozesswärme,GWh/a,25653.094246572244,115592.362227685,1.0,2. Erneuerbare,81,=davon Einsatz für Prozesswärme,GWh/a,,25697.16007897475,115591.43019165192,0.0017148133205023143,8.063128178304583e-06,1.0,0.0017148133205023143,1.0,8.063128178304583e-06,DRIFT,PASS_COSMETIC
RenewableData,149,4.3.3,davon Einsatz für Verstromung,GWh/a,6747.86459828592,0.0,1.0,2. Erneuerbare,83,=davon Einsatz für Verstromung,GWh/a,,6741.271131958609,0,0.0009771189435226508,0.0,1.0,0.0009771189435226508,1.0,0.0,PASS,EXACT
RenewableData,150,4.3.3.1,Nutzungsgrad Kraftwerk,%,25.0,35.0,1.0,2. Erneuerbare,84,*Nutzungsgrad Kraftwerk,%,1.337,25,35,0.0,0.0,1.0,0.0,1.0,0.0,EXACT,EXACT
RenewableData,151,4.3.3.2,Bruttostromerzeugung,GWh/a,1686.96614957148,0.0,1.0,2. Erneuerbare,15,=Bruttostromerzeugung,GWh/a,,44339.5105,365420.8998001215,0.9619534331672092,1.0,100.0,0.737164195551505,1.0,1.0,DRIFT_SCALE_100.0,DRIFT
RenewableData,152,4.3.3.3,Nutzungsgrad KWK-Abwärme effektiv,%,45.0,45.0,1.0,2. Erneuerbare,86,*Nutzungsgrad KWK-Abwärme effektiv,%,1.344,45,45,0.0,0.0,1.0,0.0,1.0,0.0,EXACT,EXACT
RenewableData,153,4.3.3.4,Wärmenetze GW (Endenergie),GWh/a,3036.539069228664,0.0,1.0,2. Erneuerbare,87,=Wärmenetze GW (Endenergie),GWh/a,,3033.572009381374,0,0.0009771189435227705,0.0,1.0,0.0009771189435227705,1.0,0.0,PASS,EXACT
RenewableData,154,4.3.4,davon Einsatz für Heizwerke/Wärmenetze,GWh/a,0.0,0.0,0.0,,,,,,,,,,,,,,NO_DATA,NO_DATA
RenewableData,155,4.3.4.1,Nutzungsgrad Heizwerk/Wärmenetz,%,75.0,75.0,1.0,2. Erneuerbare,90,*Nutzungsgrad Heizwerk/Wärmenetz,%,1.350,75,75,0.0,0.0,1.0,0.0,1.0,0.0,EXACT,EXACT
RenewableData,156,4.3.4.2,Wärmenetze GW (Endenergie),GWh/a,0.0,0.0,1.0,2. Erneuerbare,87,=Wärmenetze GW (Endenergie),GWh/a,,3033.572009381374,0,1.0,0.0,1.0,1.0,1.0,0.0,DRIFT,EXACT
RenewableData,104,2.2,Offshore-Windstrom,,8337.0,70000.0,1.0,2. Erneuerbare,34,Offshore-Windstrom,,,,,,,,,,,NO_DATA,NO_DATA
RenewableData,110,2.2.1,Install. Offshore-Leistung Deutschland,MW,8337.0,70000.0,1.0,2. Erneuerbare,35,Install. Offshore-Leistung Deutschland,MW ,1.216,8337,70000,0.0,0.0,1.0,0.0,1.0,0.0,EXACT,EXACT
RenewableData,105,2.2.1.1,Vollbetriebstunden jährlich,h/a,2823.0,3232.0,1.0,2. Erneuerbare,16,/Vollbetriebstunden jährlich,h/a,1.166,926.5,926.5,0.6718030464045341,0.7133353960396039,1.0,0.6718030464045341,1.0,0.7133353960396039,DRIFT,DRIFT
RenewableData,106,2.2.1.2,Bruttostromerzeugung Deutschland,GWh/a,23535.351,226240.0,1.0,2. Erneuerbare,37,=Bruttostromerzeugung Deutschland,GWh/a,,23535.351,226240,0.0,0.0,1.0,0.0,1.0,0.0,EXACT,EXACT
RenewableData,107,2.2.1.2.1,Einwohner Deutschland,,84669326.0,84669326.0,1.0,2. Erneuerbare,38,/Einwohner Deutschland,,1.58,84669326,84669326,0.0,0.0,1.0,0.0,1.0,0.0,EXACT,EXACT
RenewableData,108,2.2.1.2.2,Energieverbraucher Deutschland 100%EE,,84669326.0,84669326.0,1.0,2. Erneuerbare,39,*Energieverbraucher Deutschland 100%EE,,,84669326,84669326,0.0,0.0,1.0,0.0,1.0,0.0,EXACT,EXACT
RenewableData,109,2.2.1.2.3,Bruttostromerz.Anteil Deutschland 100%EE,GWh/a,23535.350999999995,226239.99999999997,1.0,2. Erneuerbare,40,=Bruttostromerz.Anteil Deutschland 100%EE,GWh/a,,23535.350999999995,226239.99999999997,0.0,0.0,1.0,0.0,1.0,0.0,EXACT,EXACT
RenewableData,97,2.1,Onshore-Windstrom,,267722.61958400003,2578592.1435145442,1.0,2. Erneuerbare,27,Onshore-Windstrom,,,,,,,,,,,NO_DATA,NO_DATA
RenewableData,98,2.1.1,Windparkfläche,ha,172556.0,715288.6652322228,1.0,2. Erneuerbare,28,Windparkfläche,ha,,172555.8,715289.0305038091,1.1590440205593635e-06,5.106629219316255e-07,1.0,1.1590440205593635e-06,1.0,5.106629219316255e-07,PASS_COSMETIC,PASS_COSMETIC
RenewableData,99,2.1.1.1,spezifischer Flächenbedarf,ha/MW,2.9,3.8,1.0,2. Erneuerbare,29,*spezifischer Flächenbedarf,ha/MW,1.197,2.9,3.8,0.0,0.0,1.0,0.0,1.0,0.0,EXACT,EXACT
RenewableData,100,2.1.1.2,Installierte Leistung,MW,59502.06896551725,188233.85927163757,1.0,2. Erneuerbare,17,=Installierte Leistung,MW,,47857,394410.03756084346,0.1957086395141288,0.5227457687544279,1.0,0.1957086395141288,1.0,0.5227457687544279,DRIFT,DRIFT
RenewableData,101,2.1.1.2.1,Vollbetriebstunden jährlich,h/a,1874.0,2550.0,1.0,2. Erneuerbare,16,/Vollbetriebstunden jährlich,h/a,1.166,926.5,926.5,0.5056029882604055,0.6366666666666667,1.0,0.5056029882604055,1.0,0.6366666666666667,DRIFT,DRIFT
RenewableData,102,2.1.1.2.2,Bruttostromerzeugung jährlich,GWh/a,111506.87724137932,479996.34114267584,0.833,2. Erneuerbare,15,=Bruttostromerzeugung,GWh/a,,44339.5105,365420.8998001215,0.6023607548078123,0.23870065565457618,1.0,0.6023607548078123,1.0,0.23870065565457618,DRIFT,DRIFT
RenewableData,103,2.1.1.2.3,Energieertrag,MWh/ha/a,646.2068965517242,671.0526315789474,1.0,2. Erneuerbare,9,*Energieertrag,MWh/ha/a,1.143,3878.356667431719,5250,0.8333812611980197,0.8721804511278195,1.0,0.8333812611980197,1.0,0.8721804511278195,DRIFT,DRIFT
RenewableData,79,1.1.2,Solarstrom,-,114220.68413793105,483416.2937742548,1.0,2. Erneuerbare,12,Solarstrom,,,,,,,,,,,NO_DATA,NO_DATA
RenewableData,86,1.2.1,Solarstrom,-,65093.948584,1214891.585294698,1.0,2. Erneuerbare,12,Solarstrom,,,,,,,,,,,NO_DATA,NO_DATA
RenewableData,75,1.1.1,Solarthermie,-,132641.73084648,87627.957854937,1.0,2. Erneuerbare,7,Solarthermie,,,,,,,,,,,NO_DATA,NO_DATA
RenewableData,137,4.2,Stroh aus Getreideanbau,,6128961.64905,5631325.0,1.0,2. Erneuerbare,67,Stroh aus Getreideanbau,,,,,,,,,,,NO_DATA,NO_DATA
RenewableData,138,4.2.1,Getreide-Anbaufläche,ha,6076200.0,5631255.0,1.0,2. Erneuerbare,68,Getreide-Anbaufläche,ha,,6076200,5631254.918074889,0.0,1.4548286463934127e-08,1.0,0.0,1.0,1.4548286463934127e-08,EXACT,PASS_COSMETIC
RenewableData,139,4.2.1.1,Energet. genutzter Teil am Strohanfall,%,0.2,33.0,0.0,,,,,,,,,,,,,,NO_DATA,NO_DATA
RenewableData,140,4.2.1.1.1,Energieertrag,MWh/ha/a,20.1,23.8339,1.0,2. Erneuerbare,9,*Energieertrag,MWh/ha/a,1.143,3878.356667431719,5250,0.9948173925908391,0.9954602095238096,100.0,0.4817392590839152,100.0,0.5460209523809524,DRIFT_SCALE_100.0,DRIFT_SCALE_100.0
RenewableData,141,4.2.1.1.2,Strohbrennstoff-Aufkommen,GWh/a,244.26324000000002,44290.87361968499,1.0,2. Erneuerbare,71,=Strohbrennstoff-Aufkommen,GWh/a,,243.92361111111106,44289.819930659,0.0013904216159949696,2.3790206421255026e-05,1.0,0.0013904216159949696,1.0,2.3790206421255026e-05,DRIFT,PASS_COSMETIC
RenewableData,142,4.2.1.1.2.1,davon für Gebäudewärme,%,0.0,0.0,1.0,2. Erneuerbare,62,*davon für Gebäudewärme,%,1.281,73.27124776975538,0,1.0,0.0,1.0,1.0,1.0,0.0,DRIFT,EXACT
RenewableData,143,4.2.1.1.2.2,davon für Prozesswärme,%,0.0,100.0,1.0,2. Erneuerbare,63,*davon für Prozesswärme,%,1.286,21.33447833119341,100,1.0,0.0,1.0,1.0,1.0,0.0,DRIFT,EXACT
RenewableData,144,4.2.1.1.2.3,davon für Verstromung,%,100.0,0.0,1.0,2. Erneuerbare,64,*davon für Verstromung,%,1.291,5.394273899051208,0,0.9460572610094878,0.0,0.01,0.8146182380216384,1.0,0.0,DRIFT_SCALE_0.01,EXACT
RenewableData,145,4.2.1.1.2.4,davon für Wärmenetze GW,%,0.0,0.0,1.0,2. Erneuerbare,65,*davon für Wärmenetze GW,%,1.296,0,0,0.0,0.0,1.0,0.0,1.0,0.0,EXACT,EXACT
RenewableData,73,1,Solarenergie,-,,,1.0,2. Erneuerbare,5,Solarenergie,,,,,,,,,,,NO_DATA,NO_DATA
RenewableData,77,1.1.1.1.1,Energieertrag,MWh/ha/a,3878.0,5250.0,1.0,2. Erneuerbare,9,*Energieertrag,MWh/ha/a,1.143,3878.356667431719,5250,9.196354598174415e-05,0.0,1.0,9.196354598174415e-05,1.0,0.0,PASS_COSMETIC,EXACT
RenewableData,78,1.1.1.1.2,Gebäudewärme,GWh/a,8498.838656000002,11515.121246937,1.0,2. Erneuerbare,10,=Gebäudewärme,GWh/a,,8448.999999999998,11515.25766892756,0.005864172508418958,1.1847063650789692e-05,1.0,0.005864172508418958,1.0,1.1847063650789692e-05,DRIFT,PASS_COSMETIC
RenewableData,81,1.1.2.1.1,Energieertrag,MWh/ha/a,1383.0,1853.0,1.0,2. Erneuerbare,9,*Energieertrag,MWh/ha/a,1.143,3878.356667431719,5250,0.6434056693099776,0.6470476190476191,1.0,0.6434056693099776,1.0,0.6470476190476191,DRIFT,DRIFT
RenewableData,82,1.1.2.1.2,Bruttostromerzeugung,GWh/a,44327.152583999996,365416.57063546224,1.0,2. Erneuerbare,15,=Bruttostromerzeugung,GWh/a,,44339.5105,365420.8998001215,0.0002787111508594765,1.1847063650774101e-05,1.0,0.0002787111508594765,1.0,1.1847063650774101e-05,PASS,PASS_COSMETIC
RenewableData,83,1.1.2.1.2.1,Vollbetriebstunden jährlich,h/a,927.0,927.0,1.0,2. Erneuerbare,16,/Vollbetriebstunden jährlich,h/a,1.166,926.5,926.5,0.0005393743257820927,0.0005393743257820927,1.0,0.0005393743257820927,1.0,0.0005393743257820927,PASS,PASS
RenewableData,84,1.1.2.1.2.2,Installierte Leistung,MW,47817.8560776699,394192.6328322139,1.0,2. Erneuerbare,17,=Installierte Leistung,MW,,47857,394410.03756084346,0.0008179351470024986,0.0005512149994307138,1.0,0.0008179351470024986,1.0,0.0005512149994307138,PASS,PASS
RenewableData,87,1.2.1.1,Energieertrag,MWh/ha/a,922.0,1235.33333,1.0,2. Erneuerbare,9,*Energieertrag,MWh/ha/a,1.143,3878.356667431719,5250,0.7622704462066516,0.7646984133333333,1.0,0.7622704462066516,1.0,0.7646984133333333,DRIFT,DRIFT
RenewableData,88,1.2.1.2,Bruttostromerzeugung,GWh/a,18097.016,845759.6013292358,1.0,2. Erneuerbare,15,=Bruttostromerzeugung,GWh/a,,44339.5105,365420.8998001215,0.5918535005026724,0.5679376276357859,1.0,0.5918535005026724,1.0,0.5679376276357859,DRIFT,DRIFT
RenewableData,89,1.2.1.2.1,Vollbetriebstunden jährlich,h/a,927.0,927.0,1.0,2. Erneuerbare,16,/Vollbetriebstunden jährlich,h/a,1.166,926.5,926.5,0.0005393743257820927,0.0005393743257820927,1.0,0.0005393743257820927,1.0,0.0005393743257820927,PASS,PASS
RenewableData,90,1.2.1.2.2,Installierte Leistung,MW,19522.131607335494,912362.0294813763,1.0,2. Erneuerbare,17,=Installierte Leistung,MW,,47857,394410.03756084346,0.5920736442456591,0.5677044585195614,1.0,0.5920736442456591,1.0,0.5677044585195614,DRIFT,DRIFT
RenewableData,322,9,Stromwandlung / Stromspeicherung,,,,1.0,2. Erneuerbare,180,Stromwandlung / Stromspeicherung,,,,,,,,,,,NO_DATA,NO_DATA
RenewableData,348,9.3,Langzeitspeicherung Strom stofflich (saisonaler Ausgleich > 1 Tag),,0.0,844033.3254470965,1.0,2. Erneuerbare,211,Langzeitspeicherung Strom stofflich (saisonaler Ausgleich > 1 Tag),,,,,,,,,,,NO_DATA,NO_DATA
RenewableData,350,9.3.1.1,Nutzungsgrad Stromspeicherung,%,0.0,38.0,1.0,2. Erneuerbare,213,*Nutzungsgrad Stromspeicherung,%,1.634,0,38.001801007841564,0.0,4.73926970248751e-05,1.0,0.0,1.0,4.73926970248751e-05,EXACT,PASS_COSMETIC
RenewableData,354,9.3.3,Erforderliche Speicherkapazität,GWh,0.0,241727.0,1.0,2. Erneuerbare,219,Erforderliche Speicherkapazität,GWh ,1.649,0,286224,0.0,0.15546215551456202,1.0,0.0,1.0,0.15546215551456202,EXACT,DRIFT
RenewableData,361,9.4.3.2,inkl. Kurzzeitspeicher,GWh/a,14119.935165811794,101903.46101209613,1.0,2. Erneuerbare,226,-inkl. Kurzzeitspeicher,GWh/a,,14155.019379430963,121769.5281174938,0.002478570511189221,0.16314481473747,1.0,0.002478570511189221,1.0,0.16314481473747,DRIFT,DRIFT
RenewableData,323,9.1,Bruttostromerzeugung aus Erneuerbaren Energien gesamt (inkl. Abregelung),GWh/a,256726.09350785078,1941430.032365274,0.645,2. Erneuerbare,15,=Bruttostromerzeugung,GWh/a,,44339.5105,365420.8998001215,0.8272886487923594,0.8117774559431721,1.0,0.8272886487923594,1.0,0.8117774559431721,DRIFT,DRIFT
RenewableData,324,9.1.1,aus Windenergie,GWh/a,135042.22824137931,706236.3411426758,1.0,2. Erneuerbare,182,+> aus Windenergie,GWh/a,,135067.1020694442,706236.586259135,0.00018415904157101373,3.470741448047943e-07,1.0,0.00018415904157101373,1.0,3.470741448047943e-07,PASS,PASS_COSMETIC
RenewableData,325,9.1.2,aus Solarenergie (Photovoltaik),GWh/a,62424.168584,1211176.171964698,1.0,2. Erneuerbare,183,+> aus Solarenergie (Photovoltaik),GWh/a,,62434.055499999995,1462087.881166788,0.0001583577411529167,0.17161192048309387,1.0,0.0001583577411529167,1.0,0.17161192048309387,PASS,DRIFT
RenewableData,326,9.1.3,aus Wasserkraft + Tiefengeothermie,GWh/a,19687.5162579,19492.5192579,1.0,2. Erneuerbare,184,+> aus Wasserkraft + Tiefengeothermie,GWh/a,,19704.000000000004,19509.000000000004,0.0008365683160781944,0.0008447763647549404,1.0,0.0008365683160781944,1.0,0.0008447763647549404,PASS,PASS
RenewableData,327,9.1.4,aus Biobrennstoffen,GWh/a,39572.18042457148,4525.0,1.0,2. Erneuerbare,185,+> aus Biobrennstoffen,GWh/a,,39591.868178231285,4525,0.0004972676098833063,0.0,1.0,0.0004972676098833063,1.0,0.0,PASS,EXACT
RenewableData,328,9.2,Bruttostromerzeugung Erneuerbar (inkl. Abregelung),GWh/a,256726.09350785078,1941430.032365274,0.713,2. Erneuerbare,15,=Bruttostromerzeugung,GWh/a,,44339.5105,365420.8998001215,0.8272886487923594,0.8117774559431721,1.0,0.8272886487923594,1.0,0.8117774559431721,DRIFT,DRIFT
RenewableData,329,9.2.1,"Wasser-Elektrolyse (H₂ für Brennstoff, Kraftstoff- und Grundstoff-Synthese)",,0.0,418893.192987624,1.0,2. Erneuerbare,188,"Wasser-Elektrolyse (H2 für Brennstoff, Kraftstoff- und Grundstoff-Synthese)",,,,,,,,,,,NO_DATA,NO_DATA
RenewableData,330,9.2.1.1,Wasserstoff als Brennstoff für PW,GWh/a,0.0,0.0,1.0,2. Erneuerbare,189,+Wasserstoff als Brennstoff für PW,GWh/a,1.595,0,0,0.0,0.0,1.0,0.0,1.0,0.0,EXACT,EXACT
RenewableData,331,9.2.1.1.1,Wasserstoff (komprim.) f. FC-Traktion,GWh/a,0.0,0.0,1.0,2. Erneuerbare,191,Wasserstoff (komprim.) f.FC-Traktion,GWh/a,1.568,0,0,0.0,0.0,1.0,0.0,1.0,0.0,EXACT,EXACT
RenewableData,332,9.2.1.1.1.1,Nutzungsgrad tankfähiger Wasserstoff,%,80.0,80.0,0.0,,,,,,,,,,,,,,NO_DATA,NO_DATA
RenewableData,333,9.2.1.1.2,Wasserstoff für MA mit FC-Traktion,GWh/a,0.0,0.0,0.0,,,,,,,,,,,,,,NO_DATA,NO_DATA
RenewableData,334,9.2.1.2,Kraftstoff (gasförm. Methan) für MA aus H₂,GWh/a,0.0,21.912630481179804,0.0,,,,,,,,,,,,,,NO_DATA,NO_DATA
RenewableData,335,9.2.1.2.1,Nutzungsgrad Methansynthese,%,0.0,80.0,0.0,,,,,,,,,,,,,,NO_DATA,NO_DATA
RenewableData,336,9.2.1.2.2,Wasserstoff für Kraftstoffsynthese,GWh/a,0.0,0.0,0.0,,,,,,,,,,,,,,NO_DATA,NO_DATA
RenewableData,337,9.2.1.3,Kraftstoffe (flüssig) für MA aus H₂,GWh/a,0.0,95329.79999999999,1.0,2. Erneuerbare,199,Kraftstoffe (flüssig)  für MA aus H2,GWh/a,1.600,0,95329.71354281127,0.0,9.069272013724667e-07,1.0,0.0,1.0,9.069272013724667e-07,EXACT,PASS_COSMETIC
RenewableData,338,9.2.1.3.1,Nutzungsgrad Kraftstofferzeugung,%,0.0,63.0,1.0,2. Erneuerbare,119,*Nutzungsgrad Kraftstofferzeugung,%,1.435,45,45,1.0,0.2857142857142857,1.0,1.0,1.0,0.2857142857142857,DRIFT,DRIFT
RenewableData,339,9.2.1.3.2,Wasserstoff für Kraftstoffsynthese,GWh/a,0.0,151317.14285714284,0.0,,,,,,,,,,,,,,NO_DATA,NO_DATA
RenewableData,340,9.2.1.4,Synth. Methan als Grundstoff,GWh/a,0.0,76544.15,0.0,,,,,,,,,,,,,,NO_DATA,NO_DATA
RenewableData,341,9.2.1.4.1,Nutzungsgrad Methansynthese,%,0.0,80.0,0.0,,,,,,,,,,,,,,NO_DATA,NO_DATA
RenewableData,342,9.2.1.4.2,Wasserstoff für Grundstoffsynthese,GWh/a,0.0,95680.18749999999,0.0,,,,,,,,,,,,,,NO_DATA,NO_DATA
RenewableData,343,9.2.1.5,Wasserstofferzeugung,GWh/a,0.0,246997.33035714284,1.0,2. Erneuerbare,205,=Wasserstofferzeugung,GWh/a,,0,246997.64091904578,0.0,1.2573476482687011e-06,1.0,0.0,1.0,1.2573476482687011e-06,EXACT,PASS_COSMETIC
RenewableData,344,9.2.1.5.1,Nutzungsgrad Wasserelektrolyse,%,0.0,64.0,0.0,,,,,,,,,,,,,,NO_DATA,NO_DATA
RenewableData,345,9.2.1.5.2,Stromeinsatz Wasserstofferzeugung,GWh/a,0.0,385933.3286830357,0.803,2. Erneuerbare,205,=Wasserstofferzeugung,GWh/a,,0,246997.64091904578,0.0,0.3599991952964933,1.0,0.0,1.0,0.3599991952964933,EXACT,DRIFT
RenewableData,346,9.2.1.5.2.1,davon in der Zielregion,GWh/a,0.0,385933.3286830357,0.0,,,,,,,,,,,,,,NO_DATA,NO_DATA
RenewableData,347,9.2.1.5.2.2,davon extern für Importwasserstoff,GWh/a,0.0,0.0,0.0,,,,,,,,,,,,,,NO_DATA,NO_DATA
RenewableData,349,9.3.1,Stromaufnahme (Überschussphasen),GWh/a,0.0,406403.3340795594,1.0,2. Erneuerbare,212,- Stromaufnahme (Überschussphasen),GWh/a,1.625,0,473487.4969769301,0.0,0.1416809595304673,1.0,0.0,1.0,0.1416809595304673,EXACT,DRIFT
RenewableData,351,9.3.1.2,Stromabgabe (Mangelphasen),GWh/a,0.0,154433.26695023256,1.0,2. Erneuerbare,214,+=Stromabgabe (Mangelphasen),GWh/a,,0,179933.77639818282,0.0,0.14172163758470305,1.0,0.0,1.0,0.14172163758470305,EXACT,DRIFT
RenewableData,352,9.3.2,Nutzungsgrad KWK-Abwärme effektiv,%,0.0,12.7,1.0,2. Erneuerbare,86,*Nutzungsgrad KWK-Abwärme effektiv,%,1.344,45,45,1.0,0.7177777777777777,1.0,1.0,1.0,0.7177777777777777,DRIFT,DRIFT
RenewableData,353,9.3.2.1,Gebäudewärme (Endenergie),GWh/a,0.0,51613.223428104044,1.0,2. Erneuerbare,112,=Gebäudewärme (Endenergie),GWh/a,,19431.7392172003,0,1.0,1.0,1.0,1.0,1.0,1.0,DRIFT,DRIFT
RenewableData,355,9.3.4,Abregelung von Wind-/Solarstrom,GWh/a,0.0,195890.29136753705,1.0,2. Erneuerbare,220,-Abregelung von Wind-/Solarstrom,GWh/a,1.654,0,189289.10554710336,0.0,0.03369838175414363,1.0,0.0,1.0,0.03369838175414363,EXACT,DRIFT
RenewableData,356,9.4,Stromangebot aus Erneuerbaren Energien (EE),,256726.09392385077,1107646.315348871,0.878,2. Erneuerbare,224,=Stromangebot aus Erneuerbaren E.,GWh/a,,256797.0257476755,1323581.8273640631,0.00027621746637530176,0.16314481473747,1.0,0.00027621746637530176,1.0,0.16314481473747,PASS,DRIFT
RenewableData,357,9.4.1,Stromangebot aus eigenen Erneuerb. E.,GWh/a,256726.09392385077,1107646.315348871,1.0,2. Erneuerbare,222,=Stromangebot aus eigenen Erneuerb.E.,GWh/a,,256797.0257476755,1323581.8273640631,0.00027621746637530176,0.16314481473747,1.0,0.00027621746637530176,1.0,0.16314481473747,PASS,DRIFT
RenewableData,358,9.4.2,Stromeinfuhr (Erneuerb.) aus dem Ausland,GWh/a,0.0,0.0,0.0,,,,,,,,,,,,,,NO_DATA,NO_DATA
RenewableData,359,9.4.3,Stromangebot aus Erneuerbaren E. (gesamt),GWh/a,256726.09392385077,1107646.315348871,0.908,2. Erneuerbare,224,=Stromangebot aus Erneuerbaren E.,GWh/a,,256797.0257476755,1323581.8273640631,0.00027621746637530176,0.16314481473747,1.0,0.00027621746637530176,1.0,0.16314481473747,PASS,DRIFT
RenewableData,360,9.4.3.1,Übertragungsverluste Stromnetz,%,5.5,9.2,1.0,2. Erneuerbare,225,Übertragungsverluste Stromnetz,% v. [224] ,1.666,5.512143039125169,9.2,0.0022029615412694583,0.0,1.0,0.0022029615412694583,1.0,0.0,DRIFT,EXACT
RenewableData,362,9.4.3.3,Stromangebot Erneuerb. (Endenergie),GWh/a,242606.15875803898,1005742.8543367749,0.0,,,,,,,,,,,,,,NO_DATA,NO_DATA
RenewableData,276,8,Tiefengeothermie,,,,1.0,2. Erneuerbare,165,Tiefengeothermie,,,,,,,,,,,NO_DATA,NO_DATA
RenewableData,277,8.1,Netzanschlussleistung (elektrisch),MW,57.0,0.0,1.0,2. Erneuerbare,166,Netzanschlussleistung (elektrisch),MW,1.553,57,0,0.0,0.0,1.0,0.0,1.0,0.0,EXACT,EXACT
RenewableData,278,8.1.1,Stromerzeugung – Vollbetriebsstunden,h/a,3421.0,3421.0,1.0,2. Erneuerbare,167,*Stromerzeugung - Vollbetriebsstunden,h/a,1.558,3421.0526315789475,3421.0526315789475,1.538461538465736e-05,1.538461538465736e-05,1.0,1.538461538465736e-05,1.0,1.538461538465736e-05,PASS_COSMETIC,PASS_COSMETIC
RenewableData,279,8.1.2,Bruttostromerzeugung,GWh/a,194.997,0.0,1.0,2. Erneuerbare,15,=Bruttostromerzeugung,GWh/a,,44339.5105,365420.8998001215,0.9956021841964177,1.0,100.0,0.5602184196417774,1.0,1.0,DRIFT_SCALE_100.0,DRIFT
RenewableData,280,8.2,Gebäudewärmebereitstellung (Endenergie),GWh/a,1797.0,12000.0,0.679,2. Erneuerbare,10,=Gebäudewärme,GWh/a,,8448.999999999998,11515.25766892756,0.7873121079417682,0.04039519425603673,1.0,0.7873121079417682,1.0,0.04039519425603673,DRIFT,DRIFT
RenewableData,275,7,Umgebungswärme (Wärmepumpe),,,,1.0,2. Erneuerbare,147,Umgebungswärme (Wärmepumpe),,,,,,,,,,,NO_DATA,NO_DATA
RenewableData,260,7.1,Wärmepumpen-Antriebsstromaufnahme,GWh/a,256726.09350785078,137950.4332889042,1.0,2. Erneuerbare,148,=Wärmepumpen-Antriebsstromaufnahme,GWh/a,1.519,10108,136021.07481527407,0.9606272979038226,0.013985881940577507,0.01,0.7460169237160162,1.0,0.013985881940577507,DRIFT_SCALE_0.01,DRIFT
RenewableData,261,7.1.1,davon Anlagen mit Luftkopplung,%,71.2,92.23333,1.0,2. Erneuerbare,149,*davon Anlagen mit Luftkopplung,%,1.527,71.1605495181464,92.2279792746114,0.0005540798013146957,5.8012926439882186e-05,1.0,0.0005540798013146957,1.0,5.8012926439882186e-05,PASS,PASS_COSMETIC
RenewableData,262,7.1.2,WP-Luft – Antriebsstromaufnahme,GWh/a,182788.97857758976,127236.27837178485,1.0,2. Erneuerbare,150,=WP-Luft - Antriebsstromaufnahme,GWh/a,,7192.908345294238,125449.48868973464,0.9606491135227773,0.014043083505077072,0.01,0.7458761188064152,1.0,0.014043083505077072,DRIFT_SCALE_0.01,DRIFT
RenewableData,263,7.1.2.1,WP-Luft – Jahresarbeitszahl,,3.2,4.2,1.0,2. Erneuerbare,151,*WP-Luft - Jahresarbeitszahl ,,1.532,3.2355568361907507,4.2,0.010989402440110412,0.0,1.0,0.010989402440110412,1.0,0.0,DRIFT,EXACT
RenewableData,264,7.1.2.2,Nutzwärme (inkl. Antriebsstrom),GWh/a,584924.7314482873,534392.3691614964,1.0,2. Erneuerbare,152,=Nutzwärme (inkl. Antriebsstrom),GWh/a,,23273.06376871027,526887.8524968856,0.9602118657026425,0.014043083505076995,0.01,0.7486687884064943,1.0,0.014043083505076995,DRIFT_SCALE_0.01,DRIFT
RenewableData,265,7.1.2.3,davon Wärmgewinn aus der Luft,GWh/a,402135.7528706975,407156.09078971157,1.0,2. Erneuerbare,153,=davon Wärmgewinn aus der Luft,GWh/a,,16080.155423416034,401438.3638071509,0.9600131166934902,0.014043083505077042,0.01,0.749917993774423,1.0,0.014043083505077042,DRIFT_SCALE_0.01,DRIFT
RenewableData,266,7.1.3,davon Anlagen mit Erdreich-/Wasserkopplung,%,28.8,7.8,0.0,,,,,,,,,,,,,,NO_DATA,NO_DATA
RenewableData,268,7.1.4.1,WP-Erdr./Wasser – Jahresarbeitszahl,,3.8,4.9,1.0,2. Erneuerbare,157,*WP-Erdr.-/Wasser - Jahresarbeitszahl ,,1.540,3.7913259864912905,4.9,0.0022826351338708774,0.0,1.0,0.0022826351338708774,1.0,0.0,DRIFT,EXACT
RenewableData,269,7.1.4.2,Nutzwärme (inkl. Antriebsstrom),GWh/a,280961.0367349919,52724.655603019186,1.0,2. Erneuerbare,152,=Nutzwärme (inkl. Antriebsstrom),GWh/a,,23273.06376871027,526887.8524968856,0.9171662233341561,0.8999319203258139,0.01,0.8792763000491868,1.0,0.8999319203258139,DRIFT_SCALE_0.01,DRIFT
RenewableData,270,7.1.4.3,davon Wärmgewinn Erdreich/Grundwasser,GWh/a,207023.92180473084,41964.521806484656,1.0,2. Erneuerbare,159,=davon Wärmgewinn Erdreich/Grundwasser,GWh/a,,8136.971088784088,41229.1858896038,0.9606955031193978,0.017522799861077496,0.01,0.7455761860944912,1.0,0.017522799861077496,DRIFT_SCALE_0.01,DRIFT
RenewableData,271,7.1.4.3.1,Wärmeertrag Erdreich/Grundwasser,MWh/ha/a,1000.0,1000.0,1.0,2. Erneuerbare,160,/Wärmeertrag Erdreich/Grundwasser,MWh/ha/a,1.546,1000,1000,0.0,0.0,1.0,0.0,1.0,0.0,EXACT,EXACT
RenewableData,272,7.1.4.3.2,Beanspruchte Entzugsfläche,ha,207023.92180473084,41964.521806484656,1.0,2. Erneuerbare,161,=Beanspruchte Entzugsfläche,ha,,8136.971088784088,41229.1858896038,0.9606955031193978,0.017522799861077496,0.01,0.7455761860944912,1.0,0.017522799861077496,DRIFT_SCALE_0.01,DRIFT
RenewableData,273,7.1.4.3.3,Gebäude- & Freifläche (Siedlung),ha,3380079.0,3645799.0,1.0,2. Erneuerbare,162,/Gebäude-&Freifläche (Siedlung),ha,,3380079,3645799.0000000005,0.0,1.2772544161313862e-16,1.0,0.0,1.0,1.2772544161313862e-16,EXACT,PASS_COSMETIC
RenewableData,274,7.1.4.3.4,Anteil beanspruchter Siedlungsfläche,%,0.241,1.1,1.0,2. Erneuerbare,163,=Anteil beanspruchter Siedlungsfläche,%,,0.24073316300548267,1.130868319663366,0.0002668369945173221,0.027296122038819426,1.0,0.0002668369945173221,1.0,0.027296122038819426,PASS,DRIFT
GebaeudewaermeData,1,2.0,Bedarfsniveau (statisch),GWh/a,798.867,798.867,1.0,4. Verbrauch,45,Bedarfsniveau (statisch),GWh/a,,798867.2532382089,798867.2532382089,0.9990000003169967,0.9990000003169967,1000.0,3.1699660727696963e-07,1000.0,3.1699660727696963e-07,PASS_COSMETIC,PASS_COSMETIC
GebaeudewaermeData,2,2.1,davon Haushalte,%,71.6,71.6,1.0,4. Verbrauch,23,*davon Haushalte,%,1.700,18.60082304526749,18.60082304526749,0.7402119686415155,0.7402119686415155,1.0,0.7402119686415155,1.0,0.7402119686415155,DRIFT,DRIFT
GebaeudewaermeData,26,2.10,Endenergieverbrauch GW gesamt,GWh/a,798.867,663.539,1.0,4. Verbrauch,91,Endenergieverbrauch GW gesamt,GWh/a,,798867.2532382088,663538.8323413887,0.9990000003169967,0.9989999997473267,1000.0,3.1699660713124423e-07,1000.0,2.526733339218421e-07,PASS_COSMETIC,PASS_COSMETIC
GebaeudewaermeData,3,2.1.1,Wohnfläche pro Person,qm/Person,44.7,44.7,1.0,4. Verbrauch,48,*Wohnfläche pro Person,qm/Person,1.751,44.67669791064594,44.67669791064594,0.0005212995381221743,0.0005212995381221743,1.0,0.0005212995381221743,1.0,0.0005212995381221743,PASS,PASS
GebaeudewaermeData,4,2.1.2,Zieleinfluss Wohnflächen-Entwicklung,% v. Status,100.0,100.0,1.0,4. Verbrauch,49,*Zieleinfluss Wohnflächen-Entwicklung,% v. Status,,100,100,0.0,0.0,1.0,0.0,1.0,0.0,EXACT,EXACT
GebaeudewaermeData,5,2.2,"davon Gewerbe, Handel, Dienstl. + Industr.",%,28.4,28.4,0.0,,,,,,,,,,,,,,NO_DATA,NO_DATA
GebaeudewaermeData,6,2.2.1,Zieleinfluss Erwerbstätigkeit,% v. Status,100.0,100.0,1.0,4. Verbrauch,54,*Zieleinfluss Erwerbstätigkeit,% v. Status,1.761,100,100,0.0,0.0,1.0,0.0,1.0,0.0,EXACT,EXACT
GebaeudewaermeData,7,2.3,Bedarfsniveau (Wohnfläche/Wirtschaftl.Entw.),GWh/a,798.867,798.867,1.0,4. Verbrauch,57,=Bedarfsniveau (Wohnfläche/Wirtschaftl.Entw.),GWh/a,,798867.2532382088,798867.2532382088,0.9990000003169967,0.9990000003169967,1000.0,3.1699660713124423e-07,1000.0,3.1699660713124423e-07,PASS_COSMETIC,PASS_COSMETIC
GebaeudewaermeData,8,2.4,davon Raumwärme,%,85.9,85.9,1.0,4. Verbrauch,58,*davon Raumwärme,%,1.767,85.92911239479102,85.92911239479102,0.00033879547896713134,0.00033879547896713134,1.0,0.00033879547896713134,1.0,0.00033879547896713134,PASS,PASS
GebaeudewaermeData,9,2.4.1,Spez. Raumwärmebed. Status/Saniert,kWh/qm/a,136.0,75.0,1.0,4. Verbrauch,60,Spez.Raumwärmebed.Status/Saniert,kWh/qm/a,1.772,136,75,0.0,0.0,1.0,0.0,1.0,0.0,EXACT,EXACT
GebaeudewaermeData,10,2.4.2,Veränderung zum Status,% v. Status,100.0,-44.9,1.0,4. Verbrauch,61,=Veränderung zum Status,% v.Status,,99.99999999999999,-44.85294117647059,0.0,0.0010480807022140667,1.0,0.0,1.0,0.0010480807022140667,EXACT,DRIFT
GebaeudewaermeData,11,2.4.3,Gebäude - Sanierungs-/Ersatzrate,%/a,1.5,,1.0,4. Verbrauch,63,Gebäude - Sanierungs-/Ersatzrate ,%/a,1.781,1.5,,0.0,,1.0,0.0,,,EXACT,NO_DATA
GebaeudewaermeData,12,2.4.4,Sanierungszeitraum,Kalenderjahr,2023.0,2045.0,0.833,4. Verbrauch,64,Sanierungszeitraum: 22 Jahre,Kalenderjahr,1.784,2023,2045,0.0,0.0,1.0,0.0,1.0,0.0,EXACT,EXACT
GebaeudewaermeData,13,2.4.5,Gebäudeanteil mit Ziel-Wärmeschutz,% v. Status,0.0,33.0,1.0,4. Verbrauch,65,*=Gebäudeanteil mit Ziel-Wärmeschutz,% v.Status,,0,33,0.0,0.0,1.0,0.0,1.0,0.0,EXACT,EXACT
GebaeudewaermeData,14,2.4.6,Result. spez. Raumwärmebed. ges.,kWh/qm/a,136.0,115.9,1.0,4. Verbrauch,66,=Result.spez.Raumwärmebed. ges.,kWh/qm/a,,136,115.86999999999999,0.0,0.00025884383088882956,1.0,0.0,1.0,0.00025884383088882956,EXACT,PASS
GebaeudewaermeData,15,2.5,davon Warmwasser,%,14.1,14.1,1.0,4. Verbrauch,70,*davon Warmwasser,%,1.789,14.070887605208974,14.070887605208974,0.0020647088504273845,0.0020647088504273845,1.0,0.0020647088504273845,1.0,0.0020647088504273845,DRIFT,DRIFT
GebaeudewaermeData,16,2.5.1,Zieleinfluss Anwendungs-/Prozess-Effizienz,%,100.0,70.0,1.0,4. Verbrauch,72,*Zieleinfluss Anwendungs-/Prozess-Effizienz,%,1.794,100,70,0.0,0.0,1.0,0.0,1.0,0.0,EXACT,EXACT
GebaeudewaermeData,17,2.5.2,Res. Anteil Warmwasser an Gebäudew.,%,14.1,11.9,1.0,4. Verbrauch,74,=Res. Anteil Warmwasser an Gebäudew.,%,,14.070887605208974,11.858446783728635,0.0020647088504273845,0.003491866913560139,1.0,0.0020647088504273845,1.0,0.003491866913560139,DRIFT,DRIFT
GebaeudewaermeData,18,2.6,"Bedarfsniveau (Sanierung, Anwendungseff.)",GWh/a,798.867,663.539,1.0,4. Verbrauch,75,"=Bedarfsniveau (Sanierung, Anwendungseff.)",GWh/a,,798867.2532382088,663538.8323413887,0.9990000003169967,0.9989999997473267,1000.0,3.1699660713124423e-07,1000.0,2.526733339218421e-07,PASS_COSMETIC,PASS_COSMETIC
GebaeudewaermeData,19,2.7,davon Brennstoffe,% v. [75],79.2,0.0,1.0,4. Verbrauch,76,*davon Brennstoffe,% v. [75] ,1.810,79.16331241968767,0,0.0004632270241456073,0.0,1.0,0.0004632270241456073,1.0,0.0,PASS,EXACT
GebaeudewaermeData,20,2.7.1,Nutzungsgrad Endanwendung,%,86.0,88.0,1.0,4. Verbrauch,78,>Nutzungsgrad Endanwendung ,%,1.816,86,88,0.0,0.0,1.0,0.0,1.0,0.0,EXACT,EXACT
GebaeudewaermeData,21,2.7.2,Wandlungsverluste Endanwendung,% v. [75],11.1,0.0,1.0,4. Verbrauch,79,>Wandlungsverluste Endanwendung,% v. [75] ,,11.082863738756275,0,0.0015438073192544368,0.0,1.0,0.0015438073192544368,1.0,0.0,DRIFT,EXACT
GebaeudewaermeData,22,2.7.3,Einsparung gegenüber Status (relativ),% v. [75],0.0,11.1,1.0,4. Verbrauch,80,=Einsparung gegenüber Status (relativ),% v. [75] ,,0,11.082863738756275,0.0,0.0015438073192544368,1.0,0.0,1.0,0.0015438073192544368,EXACT,DRIFT
GebaeudewaermeData,23,2.8,"davon Wärme (30–100°C, verlustarm nutzbar)",% v. [75],16.7,79.5,1.0,4. Verbrauch,83,"*davon Wärme (30-100°C,verlustarm nutzbar)",% v. [75] ,1.804,16.72123810040408,79.50066097332919,0.0012701272642943106,8.314060802731142e-06,1.0,0.0012701272642943106,1.0,8.314060802731142e-06,DRIFT,PASS_COSMETIC
GebaeudewaermeData,24,2.9,davon Strom (verlustarm nutzbar),% v. [75],4.1,20.5,1.0,4. Verbrauch,117,*davon Strom (verlustarm nutzbar),% v. [107] ,1.867,13.84399769211699,71.90263597624742,0.7038427706229242,0.7148922327858461,1.0,0.7038427706229242,1.0,0.7148922327858461,DRIFT,DRIFT
GebaeudewaermeData,25,2.9.1,davon für Wärmepumpen,%,30.7,100.0,1.0,4. Verbrauch,88,davon für Wärmepumpen,%,,30.744918017730317,100,0.0014609899985556592,0.0,1.0,0.0014609899985556592,1.0,0.0,DRIFT,EXACT
