db_code,db_name,db_category,db_subcategory,db_unit,excel_sheet,excel_row,excel_name_expected,excel_cell_status,excel_cell_ziel,oos_reason
1,Solarenergie,Solar,,-,2. Erneuerbare,5,Solarenergie,2. Erneuerbare!L5,2. Erneuerbare!M5,
10,Endenergieangebot aus erneuerbaren Quellen gesamt,Endenergie,Erneuerbare Quellen,,2. Erneuerbare,229,Endenergieangebot aus erneuerbaren Quellen gesamt,2. Erneuerbare!L229,2. Erneuerbare!M229,
10.1,Endenergie aus Erneuerbaren Q. gesamt,Endenergie,Erneuerbare Quellen,GWh/a,2. Erneuerbare,230,Endenergie aus Erneuerbaren Q. gesamt,2. Erneuerbare!L230,2. Erneuerbare!M230,
10.2,Strom,Endenergie,Erneuerbare Quellen,alle Anwendungsbereiche,2. Erneuerbare,12,Solarstrom,2. Erneuerbare!L12,2. Erneuerbare!M12,
10.2.1,Stromverbrauch insgesamt,Endenergie,Erneuerbare Quellen,GWh/a,2. Erneuerbare,233,/ Stromverbrauch insgesamt,2. Erneuerbare!L233,2. Erneuerbare!M233,
10.2.2,Anteil Erneuerb. an Stromverbrauch,Endenergie,Erneuerbare Quellen,%,2. Erneuerbare,234,Anteil Erneuerb.an Stromverbrauch,2. Erneuerbare!L234,2. Erneuerbare!M234,
10.3,Kraft/Licht/Inform.Komm.Tech./Kälte,Endenergie,Erneuerbare Quellen,KLIK,2. Erneuerbare,236,Kraft/Licht/Inform.Komm.Tech./Kälte (KLIK),2. Erneuerbare!L236,2. Erneuerbare!M236,
10.3.1,davon Strom,Endenergie,Erneuerbare Quellen,erneuerb. Anteil,2. Erneuerbare,237,davon Strom (erneuerb. Anteil),2. Erneuerbare!L237,2. Erneuerbare!M237,
10.4,Gebäudewärme,Endenergie,Erneuerbare Quellen,GW,2. Erneuerbare,10,Gebäudewärme,2. Erneuerbare!L10,2. Erneuerbare!M10,
10.4.1,davon Brennstoffe,Endenergie,Erneuerbare Quellen,GWh/a,2. Erneuerbare,240,davon Brennstoffe,2. Erneuerbare!L240,2. Erneuerbare!M240,
10.4.1.1,davon Kohlenwasserstoffe,Endenergie,Erneuerbare Quellen,gasförmig,2. Erneuerbare,241,davon Kohlenwasserstoffe (gasförmig),2. Erneuerbare!L241,2. Erneuerbare!M241,
10.4.1.2,davon Kohlenwasserstoffe,Endenergie,Erneuerbare Quellen,flüssig,2. Erneuerbare,241,davon Kohlenwasserstoffe (gasförmig),2. Erneuerbare!L241,2. Erneuerbare!M241,
10.4.1.3,davon Kohlenwasserstoffe,Endenergie,Erneuerbare Quellen,fest,2. Erneuerbare,241,davon Kohlenwasserstoffe (gasförmig),2. Erneuerbare!L241,2. Erneuerbare!M241,
10.4.2,davon Wärme,Endenergie,Erneuerbare Quellen,GWh/a,2. Erneuerbare,245,davon Wärme,2. Erneuerbare!L245,2. Erneuerbare!M245,
10.4.3,davon Strom,Endenergie,Erneuerbare Quellen,erneuerb. Anteil,2. Erneuerbare,237,davon Strom (erneuerb. Anteil),2. Erneuerbare!L237,2. Erneuerbare!M237,
10.5,Prozesswärme,Endenergie,Erneuerbare Quellen,PW,2. Erneuerbare,63,davon für Prozesswärme,2. Erneuerbare!L63,2. Erneuerbare!M63,
10.5.1,davon Brennstoffe,Endenergie,Erneuerbare Quellen,GWh/a,2. Erneuerbare,240,davon Brennstoffe,2. Erneuerbare!L240,2. Erneuerbare!M240,
10.5.1.1,davon Kohlenwasserstoffe,Endenergie,Erneuerbare Quellen,gasförmig,2. Erneuerbare,241,davon Kohlenwasserstoffe (gasförmig),2. Erneuerbare!L241,2. Erneuerbare!M241,
10.5.1.2,davon Wasserstoff,Endenergie,Erneuerbare Quellen,GWh/a,2. Erneuerbare,251,davon Wasserstoff,2. Erneuerbare!L251,2. Erneuerbare!M251,
10.5.1.3,davon Kohlenwasserstoffe,Endenergie,Erneuerbare Quellen,flüssig,2. Erneuerbare,241,davon Kohlenwasserstoffe (gasförmig),2. Erneuerbare!L241,2. Erneuerbare!M241,
10.5.1.4,davon Kohlenwasserstoffe,Endenergie,Erneuerbare Quellen,fest,2. Erneuerbare,241,davon Kohlenwasserstoffe (gasförmig),2. Erneuerbare!L241,2. Erneuerbare!M241,
10.5.2,davon Wärme,Endenergie,Erneuerbare Quellen,GWh/a,2. Erneuerbare,245,davon Wärme,2. Erneuerbare!L245,2. Erneuerbare!M245,
10.5.3,davon Strom,Endenergie,Erneuerbare Quellen,erneuerb. Anteil,2. Erneuerbare,237,davon Strom (erneuerb. Anteil),2. Erneuerbare!L237,2. Erneuerbare!M237,
10.6,Mobile Anwendungen,Endenergie,Erneuerbare Quellen,GWh/a,2. Erneuerbare,258,Mobile Anwendungen,2. Erneuerbare!L258,2. Erneuerbare!M258,
10.6.1,davon Kraftstoffe,Endenergie,Erneuerbare Quellen,GWh/a,2. Erneuerbare,259,davon Kraftstoffe,2. Erneuerbare!L259,2. Erneuerbare!M259,
10.6.1.1,davon Wasserstoff,Endenergie,Erneuerbare Quellen,FC-Traktion,2. Erneuerbare,251,davon Wasserstoff,2. Erneuerbare!L251,2. Erneuerbare!M251,
10.6.1.2,davon Kohlenwasserstoffe,Endenergie,Erneuerbare Quellen,gasförmig,2. Erneuerbare,241,davon Kohlenwasserstoffe (gasförmig),2. Erneuerbare!L241,2. Erneuerbare!M241,
10.6.1.3,davon Kohlenwasserstoffe flüssig,Endenergie,Erneuerbare Quellen,Luftverkehr,2. Erneuerbare,252,davon Kohlenwasserstoffe (flüssig),2. Erneuerbare!L252,2. Erneuerbare!M252,
10.6.2,davon Strom,Endenergie,Erneuerbare Quellen,erneuerb. Anteil,2. Erneuerbare,237,davon Strom (erneuerb. Anteil),2. Erneuerbare!L237,2. Erneuerbare!M237,
10.7,Brennstoffe,Endenergie,Erneuerbare Quellen,alle Anwendungsbereiche,2. Erneuerbare,48,Biogene Brennstoffe (fest),2. Erneuerbare!L48,2. Erneuerbare!M48,
10.7.1,davon Wasserstoff,Endenergie,Erneuerbare Quellen,GWh/a,2. Erneuerbare,251,davon Wasserstoff,2. Erneuerbare!L251,2. Erneuerbare!M251,
10.7.2,davon Kohlenwasserstoffe,Endenergie,Erneuerbare Quellen,gasförmig,2. Erneuerbare,241,davon Kohlenwasserstoffe (gasförmig),2. Erneuerbare!L241,2. Erneuerbare!M241,
10.7.3,davon Kohlenwasserstoffe,Endenergie,Erneuerbare Quellen,flüssig,2. Erneuerbare,241,davon Kohlenwasserstoffe (gasförmig),2. Erneuerbare!L241,2. Erneuerbare!M241,
10.7.4,davon Kohlenwasserstoffe,Endenergie,Erneuerbare Quellen,fest,2. Erneuerbare,241,davon Kohlenwasserstoffe (gasförmig),2. Erneuerbare!L241,2. Erneuerbare!M241,
10.8,Grundstoff Methan,Endenergie,Erneuerbare Quellen,stoffliche Verwendung,2. Erneuerbare,272,Grundstoff Methan (stoffliche Verwendung),2. Erneuerbare!L272,2. Erneuerbare!M272,
10.9,Primärenergie-Einsatz Biobrennstoffe,Endenergie,Erneuerbare Quellen,GWh/a,2. Erneuerbare,274,Primärenergie-Einsatz Biobrennstoffe,2. Erneuerbare!L274,2. Erneuerbare!M274,
10.9.1,Brennstoffe,Endenergie,Erneuerbare Quellen,alle Anwendungsbereiche,2. Erneuerbare,48,Biogene Brennstoffe (fest),2. Erneuerbare!L48,2. Erneuerbare!M48,
10.9.1.1,davon Kohlenwasserstoffe,Endenergie,Erneuerbare Quellen,gasförmig,2. Erneuerbare,241,davon Kohlenwasserstoffe (gasförmig),2. Erneuerbare!L241,2. Erneuerbare!M241,
10.9.1.2,davon Kohlenwasserstoffe,Endenergie,Erneuerbare Quellen,flüssig,2. Erneuerbare,241,davon Kohlenwasserstoffe (gasförmig),2. Erneuerbare!L241,2. Erneuerbare!M241,
10.9.1.3,davon Kohlenwasserstoffe,Endenergie,Erneuerbare Quellen,fest,2. Erneuerbare,241,davon Kohlenwasserstoffe (gasförmig),2. Erneuerbare!L241,2. Erneuerbare!M241,
1.1,Solare Dachflächen,Solar,Dachflächen,ha,2. Erneuerbare,6,Solare Dachflächen,2. Erneuerbare!L6,2. Erneuerbare!M6,
11,fossil fuel,fossil,,gwh/a,,,,,,NO_SECTION_MATCH: cat='fossil' sub='' name='fossil fuel' (fallback section walk did not find a row)
1.1.1,Solarthermie,Solar,Solarthermie,-,2. Erneuerbare,7,Solarthermie,2. Erneuerbare!L7,2. Erneuerbare!M7,
11.1,fossil wood,fossil,,Gwh/a,,,,,,NO_SECTION_MATCH: cat='fossil' sub='' name='fossil wood' (fallback section walk did not find a row)
1.1.1.1,Anteil an solaren Dachflächen,Solar,Dachflächen,%,2. Erneuerbare,8,Anteil an solaren Dachflächen,2. Erneuerbare!L8,2. Erneuerbare!M8,
1.1.1.1.1,Energieertrag,Solar,,MWh/ha/a,2. Erneuerbare,9,Energieertrag,2. Erneuerbare!L9,2. Erneuerbare!M9,
1.1.1.1.2,Gebäudewärme,Solar,,GWh/a,2. Erneuerbare,10,Gebäudewärme,2. Erneuerbare!L10,2. Erneuerbare!M10,
1.1.2,Solarstrom,Solar,Solarstrom,-,2. Erneuerbare,12,Solarstrom,2. Erneuerbare!L12,2. Erneuerbare!M12,
11.2,fossil plastic,fossil,,gwh/a,,,,,,NO_SECTION_MATCH: cat='fossil' sub='' name='fossil plastic' (fallback section walk did not find a row)
1.1.2.1,Anteil an solaren Dachflächen (Strom),Solar,Dachflächen,%,2. Erneuerbare,8,Anteil an solaren Dachflächen,2. Erneuerbare!L8,2. Erneuerbare!M8,
1.1.2.1.1,Energieertrag,Solar,,MWh/ha/a,2. Erneuerbare,9,Energieertrag,2. Erneuerbare!L9,2. Erneuerbare!M9,
1.1.2.1.2,Bruttostromerzeugung,Solar,,GWh/a,2. Erneuerbare,15,Bruttostromerzeugung,2. Erneuerbare!L15,2. Erneuerbare!M15,
1.1.2.1.2.1,Vollbetriebstunden jährlich,Solar,,h/a,2. Erneuerbare,16,/ Vollbetriebstunden jährlich,2. Erneuerbare!L16,2. Erneuerbare!M16,
1.1.2.1.2.2,Installierte Leistung,Solar,,MW,2. Erneuerbare,17,Installierte Leistung,2. Erneuerbare!L17,2. Erneuerbare!M17,
11.3,total fossil,fossil,,gwh/a,,,,,,NO_SECTION_MATCH: cat='fossil' sub='' name='total fossil' (fallback section walk did not find a row)
11.4,fossil 5,fossil,,gwh/a,,,,,,NO_SECTION_MATCH: cat='fossil' sub='' name='fossil 5' (fallback section walk did not find a row)
1.2,Solar genutzte Freiflächen,Solar,Freiflächen,ha,2. Erneuerbare,19,Solar genutzte Freiflächen,2. Erneuerbare!L19,2. Erneuerbare!M19,
12,Naina,Renewable,,gwh/a,,,,,,NO_SECTION_MATCH: cat='Renewable' sub='' name='Naina' (fallback section walk did not find a row)
1.2.1,Solarstrom,Solar,Solarstrom,-,2. Erneuerbare,12,Solarstrom,2. Erneuerbare!L12,2. Erneuerbare!M12,
1.2.1.1,Energieertrag,Solar,,MWh/ha/a,2. Erneuerbare,9,Energieertrag,2. Erneuerbare!L9,2. Erneuerbare!M9,
1.2.1.2,Bruttostromerzeugung,Solar,,GWh/a,2. Erneuerbare,15,Bruttostromerzeugung,2. Erneuerbare!L15,2. Erneuerbare!M15,
1.2.1.2.1,Vollbetriebstunden jährlich,Solar,,h/a,2. Erneuerbare,16,/ Vollbetriebstunden jährlich,2. Erneuerbare!L16,2. Erneuerbare!M16,
1.2.1.2.2,Installierte Leistung,Solar,,MW,2. Erneuerbare,17,Installierte Leistung,2. Erneuerbare!L17,2. Erneuerbare!M17,
2.1,Onshore-Windstrom,Solar,Onshore,,2. Erneuerbare,27,Onshore-Windstrom,2. Erneuerbare!L27,2. Erneuerbare!M27,
2.1.1,Windparkfläche,Solar,Onshore,ha,2. Erneuerbare,28,Windparkfläche,2. Erneuerbare!L28,2. Erneuerbare!M28,
2.1.1.1,spezifischer Flächenbedarf,Solar,Onshore,ha/MW,2. Erneuerbare,29,spezifischer Flächenbedarf,2. Erneuerbare!L29,2. Erneuerbare!M29,
2.1.1.2,Installierte Leistung,Solar,Onshore,MW,2. Erneuerbare,17,Installierte Leistung,2. Erneuerbare!L17,2. Erneuerbare!M17,
2.1.1.2.1,Vollbetriebstunden jährlich,Solar,Onshore,h/a,2. Erneuerbare,16,/ Vollbetriebstunden jährlich,2. Erneuerbare!L16,2. Erneuerbare!M16,
2.1.1.2.2,Bruttostromerzeugung jährlich,Solar,Onshore,GWh/a,2. Erneuerbare,15,Bruttostromerzeugung,2. Erneuerbare!L15,2. Erneuerbare!M15,
2.1.1.2.3,Energieertrag,Solar,Onshore,MWh/ha/a,2. Erneuerbare,9,Energieertrag,2. Erneuerbare!L9,2. Erneuerbare!M9,
2.2,Offshore-Windstrom,Solar,Offshore,,2. Erneuerbare,34,Offshore-Windstrom,2. Erneuerbare!L34,2. Erneuerbare!M34,
2.2.1,Install. Offshore-Leistung Deutschland,Solar,Offshore,MW,2. Erneuerbare,35,Install. Offshore-Leistung Deutschland,2. Erneuerbare!L35,2. Erneuerbare!M35,
2.2.1.1,Vollbetriebstunden jährlich,Solar,Offshore,h/a,2. Erneuerbare,16,/ Vollbetriebstunden jährlich,2. Erneuerbare!L16,2. Erneuerbare!M16,
2.2.1.2,Bruttostromerzeugung Deutschland,Solar,Offshore,GWh/a,2. Erneuerbare,37,Bruttostromerzeugung Deutschland,2. Erneuerbare!L37,2. Erneuerbare!M37,
2.2.1.2.1,Einwohner Deutschland,Solar,Offshore,,2. Erneuerbare,38,/ Einwohner Deutschland,2. Erneuerbare!L38,2. Erneuerbare!M38,
2.2.1.2.2,Energieverbraucher Deutschland 100%EE,Solar,Offshore,,2. Erneuerbare,39,Energieverbraucher Deutschland 100%EE,2. Erneuerbare!L39,2. Erneuerbare!M39,
2.2.1.2.3,Bruttostromerz.Anteil Deutschland 100%EE,Solar,Offshore,GWh/a,2. Erneuerbare,40,Bruttostromerz.Anteil Deutschland 100%EE,2. Erneuerbare!L40,2. Erneuerbare!M40,
3.,Laufwasser,Solar,Laufwasser,,2. Erneuerbare,42,Laufwasser,2. Erneuerbare!L42,2. Erneuerbare!M42,
3.1,Bodenfläche Nds.,Solar,Laufwasser,ha,2. Erneuerbare,43,Bodenfläche Nds.,2. Erneuerbare!L43,2. Erneuerbare!M43,
3.1.1,Nutzanteil am techn. Potenzial,Solar,Laufwasser,%,2. Erneuerbare,44,Nutzanteil am techn. Potenzial,2. Erneuerbare!L44,2. Erneuerbare!M44,
3.1.1.1,Energieertrag (techn. Potenzial),Solar,Laufwasser,MWh/ha/a,2. Erneuerbare,45,Energieertrag (techn.Potenzial),2. Erneuerbare!L45,2. Erneuerbare!M45,
3.1.1.2,Bruttostromerzeugung,Solar,Laufwasser,GWh/a,2. Erneuerbare,15,Bruttostromerzeugung,2. Erneuerbare!L15,2. Erneuerbare!M15,
4.,Biogene Brennstoffe (fest),Solar,Biogene Brennstoffe,,2. Erneuerbare,48,Biogene Brennstoffe (fest),2. Erneuerbare!L48,2. Erneuerbare!M48,
4.1,Energieholz,Solar,Energieholz,,2. Erneuerbare,49,Energieholz,2. Erneuerbare!L49,2. Erneuerbare!M49,
4.1.1,Aus Forstwirtschaft,Solar,Energieholz,,2. Erneuerbare,50,Aus Forstwirtschaft,2. Erneuerbare!L50,2. Erneuerbare!M50,
4.1.1.1,Nutzbare Forstfläche,Solar,Energieholz,ha,2. Erneuerbare,51,Nutzbare Forstfläche,2. Erneuerbare!L51,2. Erneuerbare!M51,
4.1.1.1.1,Energet. genutzter Anteil am Zuwachs,Solar,Energieholz,%,2. Erneuerbare,52,Energet.genutzter Anteil am Zuwachs,2. Erneuerbare!L52,2. Erneuerbare!M52,
4.1.1.1.1.1,Energieertrag,Solar,Energieholz,MWh/ha/a,2. Erneuerbare,9,Energieertrag,2. Erneuerbare!L9,2. Erneuerbare!M9,
4.1.1.1.1.2,Energieholzaufkommen,Solar,Energieholz,GWh/a,2. Erneuerbare,54,Energieholzaufkommen,2. Erneuerbare!L54,2. Erneuerbare!M54,
4.1.2,"Aus Ackerbau (KUP, Miscanthus usw.)",Solar,Energieholz,,2. Erneuerbare,56,"Aus Ackerbau (KUP, Miscanthus usw.)",2. Erneuerbare!L56,2. Erneuerbare!M56,
4.1.2.1,Anbaufläche,Solar,Energieholz,ha,2. Erneuerbare,57,Anbaufläche,2. Erneuerbare!L57,2. Erneuerbare!M57,
4.1.2.1.1,Energieertrag,Solar,Energieholz,MWh/ha/a,2. Erneuerbare,9,Energieertrag,2. Erneuerbare!L9,2. Erneuerbare!M9,
4.1.2.1.2,Energieholzaufkommen,Solar,Energieholz,GWh/a,2. Erneuerbare,54,Energieholzaufkommen,2. Erneuerbare!L54,2. Erneuerbare!M54,
4.1.3,Energieholzaufkommen gesamt,Solar,Energieholz,GWh/a,2. Erneuerbare,61,Energieholzaufkommen gesamt,2. Erneuerbare!L61,2. Erneuerbare!M61,
4.1.3.1,davon für Gebäudewärme,Solar,Energieholz,%,2. Erneuerbare,62,davon für Gebäudewärme,2. Erneuerbare!L62,2. Erneuerbare!M62,
4.1.3.2,davon für Prozesswärme,Solar,Energieholz,%,2. Erneuerbare,63,davon für Prozesswärme,2. Erneuerbare!L63,2. Erneuerbare!M63,
4.1.3.3,davon für Verstromung,Solar,Energieholz,%,2. Erneuerbare,64,davon für Verstromung,2. Erneuerbare!L64,2. Erneuerbare!M64,
4.1.3.4,davon für Wärmenetze GW,Solar,Energieholz,%,2. Erneuerbare,65,davon für Wärmenetze GW,2. Erneuerbare!L65,2. Erneuerbare!M65,
4.2,Stroh aus Getreideanbau,Solar,Stroh,,2. Erneuerbare,67,Stroh aus Getreideanbau,2. Erneuerbare!L67,2. Erneuerbare!M67,
4.2.1,Getreide-Anbaufläche,Solar,Stroh,ha,2. Erneuerbare,68,Getreide-Anbaufläche,2. Erneuerbare!L68,2. Erneuerbare!M68,
4.2.1.1,Energet. genutzter Teil am Strohanfall,Solar,Stroh,%,,,,,,NO_SECTION_MATCH: cat='Solar' sub='Stroh' name='Energet. genutzter Teil am Strohanfall' (fallback section walk did not find a row)
4.2.1.1.1,Energieertrag,Solar,Stroh,MWh/ha/a,2. Erneuerbare,9,Energieertrag,2. Erneuerbare!L9,2. Erneuerbare!M9,
4.2.1.1.2,Strohbrennstoff-Aufkommen,Solar,Stroh,GWh/a,2. Erneuerbare,71,Strohbrennstoff-Aufkommen,2. Erneuerbare!L71,2. Erneuerbare!M71,
4.2.1.1.2.1,davon für Gebäudewärme,Solar,Stroh,%,2. Erneuerbare,62,davon für Gebäudewärme,2. Erneuerbare!L62,2. Erneuerbare!M62,
4.2.1.1.2.2,davon für Prozesswärme,Solar,Stroh,%,2. Erneuerbare,63,davon für Prozesswärme,2. Erneuerbare!L63,2. Erneuerbare!M63,
4.2.1.1.2.3,davon für Verstromung,Solar,Stroh,%,2. Erneuerbare,64,davon für Verstromung,2. Erneuerbare!L64,2. Erneuerbare!M64,
4.2.1.1.2.4,davon für Wärmenetze GW,Solar,Stroh,%,2. Erneuerbare,65,davon für Wärmenetze GW,2. Erneuerbare!L65,2. Erneuerbare!M65,
4.3,Brennstoffaufkommen (fest) NAWARO gesamt,Solar,NAWARO gesamt,GWh/a,,,,,,NO_SECTION_MATCH: cat='Solar' sub='NAWARO gesamt' name='Brennstoffaufkommen (fest) NAWARO gesamt' (fallback section walk did not find a row)
4.3.1,davon Einsatz für Gebäudewärme,Solar,NAWARO gesamt,GWh/a,2. Erneuerbare,79,davon Einsatz für Gebäudewärme,2. Erneuerbare!L79,2. Erneuerbare!M79,
4.3.2,davon Einsatz für Prozesswärme,Solar,NAWARO gesamt,GWh/a,2. Erneuerbare,81,davon Einsatz für Prozesswärme,2. Erneuerbare!L81,2. Erneuerbare!M81,
4.3.3,davon Einsatz für Verstromung,Solar,NAWARO gesamt,GWh/a,2. Erneuerbare,83,davon Einsatz für Verstromung,2. Erneuerbare!L83,2. Erneuerbare!M83,
4.3.3.1,Nutzungsgrad Kraftwerk,Solar,NAWARO gesamt,%,2. Erneuerbare,84,Nutzungsgrad Kraftwerk,2. Erneuerbare!L84,2. Erneuerbare!M84,
4.3.3.2,Bruttostromerzeugung,Solar,NAWARO gesamt,GWh/a,2. Erneuerbare,15,Bruttostromerzeugung,2. Erneuerbare!L15,2. Erneuerbare!M15,
4.3.3.3,Nutzungsgrad KWK-Abwärme effektiv,Solar,NAWARO gesamt,%,2. Erneuerbare,86,Nutzungsgrad KWK-Abwärme effektiv,2. Erneuerbare!L86,2. Erneuerbare!M86,
4.3.3.4,Wärmenetze GW (Endenergie),Solar,NAWARO gesamt,GWh/a,2. Erneuerbare,87,Wärmenetze GW (Endenergie),2. Erneuerbare!L87,2. Erneuerbare!M87,
4.3.4,davon Einsatz für Heizwerke/Wärmenetze,Solar,NAWARO gesamt,GWh/a,,,,,,NO_SECTION_MATCH: cat='Solar' sub='NAWARO gesamt' name='davon Einsatz für Heizwerke/Wärmenetze' (fallback section walk did not find a row)
4.3.4.1,Nutzungsgrad Heizwerk/Wärmenetz,Solar,NAWARO gesamt,%,2. Erneuerbare,90,Nutzungsgrad Heizwerk/Wärmenetz,2. Erneuerbare!L90,2. Erneuerbare!M90,
4.3.4.2,Wärmenetze GW (Endenergie),Solar,NAWARO gesamt,GWh/a,2. Erneuerbare,87,Wärmenetze GW (Endenergie),2. Erneuerbare!L87,2. Erneuerbare!M87,
4.4,Biogener Anteil der Abfälle (fest),Solar,Biogener Anteil Abfälle,,2. Erneuerbare,93,Biogener Anteil der Abfälle (fest),2. Erneuerbare!L93,2. Erneuerbare!M93,
4.4.1,Bruttostromerzeugung,Solar,Biogener Anteil Abfälle,GWh/a,2. Erneuerbare,15,Bruttostromerzeugung,2. Erneuerbare!L15,2. Erneuerbare!M15,
4.4.2,Wärmenetze GW (Endenergie),Solar,Biogener Anteil Abfälle,GWh/a,2. Erneuerbare,87,Wärmenetze GW (Endenergie),2. Erneuerbare!L87,2. Erneuerbare!M87,
5,,Biogas,,,,,,,,EMPTY_DB_NAME — cannot match without name
5.1,Anbaufläche Energiepflanzen für Biogas,Biogas,Main,ha,2. Erneuerbare,98,Anbaufläche Energiepflanzen für Biogas,2. Erneuerbare!L98,2. Erneuerbare!M98,
5.1.1,Biogas – Methanertrag,Biogas,Main,MWh/ha/a,2. Erneuerbare,99,Biogas - Methanertrag,2. Erneuerbare!L99,2. Erneuerbare!M99,
5.1.2,Biogas aus Energiepflanzen-Anbau,Biogas,Main,GWh/a,2. Erneuerbare,100,+ Biogas aus Energiepflanzen-Anbau,2. Erneuerbare!L100,2. Erneuerbare!M100,
5.2,Biogas aus Abfall-/Reststoffverwertung,Biogas,Main,GWh/a,2. Erneuerbare,102,+ Biogas aus Abfall-/Reststoffverwertung,2. Erneuerbare!L102,2. Erneuerbare!M102,
5.3,Biogas aus Kläranlagen und Deponien,Biogas,Main,GWh/a,2. Erneuerbare,103,+ Biogas aus Kläranlagen und Deponien,2. Erneuerbare!L103,2. Erneuerbare!M103,
5.4,Biogasaufkommen insgesamt,Biogas,Main,GWh/a,2. Erneuerbare,104,Biogasaufkommen insgesamt,2. Erneuerbare!L104,2. Erneuerbare!M104,
5.4.1,davon Einsatz für Prozesswärme,Biogas,Main,%,2. Erneuerbare,81,davon Einsatz für Prozesswärme,2. Erneuerbare!L81,2. Erneuerbare!M81,
5.4.1.1,Biogas für Prozesswärme,Biogas,Main,GWh/a,2. Erneuerbare,106,Biogas für Prozesswärme,2. Erneuerbare!L106,2. Erneuerbare!M106,
5.4.2,davon für Verstromung,Biogas,Main,%,2. Erneuerbare,64,davon für Verstromung,2. Erneuerbare!L64,2. Erneuerbare!M64,
5.4.2.1,Nutzungsgrad Kraftwerk,Biogas,Main,%,2. Erneuerbare,84,Nutzungsgrad Kraftwerk,2. Erneuerbare!L84,2. Erneuerbare!M84,
5.4.2.2,Bruttostromerzeugung,Biogas,Main,GWh/a,2. Erneuerbare,85,Bruttostromerzeugung,2. Erneuerbare!L85,2. Erneuerbare!M85,
5.4.2.3,Nutzungsgrad KWK-Abwärme effektiv,Biogas,Main,%,2. Erneuerbare,86,Nutzungsgrad KWK-Abwärme effektiv,2. Erneuerbare!L86,2. Erneuerbare!M86,
5.4.2.4,Gebäudewärme (Endenergie),Biogas,Main,GWh/a,2. Erneuerbare,112,Gebäudewärme (Endenergie),2. Erneuerbare!L112,2. Erneuerbare!M112,
5.4.3,davon Biomethan für mobile Anwendungen,Biogas,Main,%,2. Erneuerbare,114,davon Biomethan für mobile Anwendungen,2. Erneuerbare!L114,2. Erneuerbare!M114,
5.4.3.1,Nutzungsgrad Kraftstoffbereitstellung,Biogas,Main,%,2. Erneuerbare,115,Nutzungsgrad Kraftstoffbereitstellung,2. Erneuerbare!L115,2. Erneuerbare!M115,
5.4.3.2,Biokraftstoff (gasförmig),Biogas,Main,GWh/a,2. Erneuerbare,116,Biokraftstoff (gasförmig),2. Erneuerbare!L116,2. Erneuerbare!M116,
5.4.4,davon Flüssigkraftstoff für mobile Anwendungen,Biogas,Main,%,2. Erneuerbare,258,Mobile Anwendungen,2. Erneuerbare!L258,2. Erneuerbare!M258,
5.4.4.1,Nutzungsgrad Kraftstofferzeugung,Biogas,Main,%,2. Erneuerbare,119,Nutzungsgrad Kraftstofferzeugung,2. Erneuerbare!L119,2. Erneuerbare!M119,
5.4.4.2,Biokraftstoff (flüssig),Biogas,Main,GWh/a,2. Erneuerbare,120,Biokraftstoff (flüssig),2. Erneuerbare!L120,2. Erneuerbare!M120,
6,Biogene Brennstoffe (flüssig),Biogene Brennstoffe (flüssig),Main,,2. Erneuerbare,122,Biogene Brennstoffe (flüssig),2. Erneuerbare!L122,2. Erneuerbare!M122,
6.1,Biodiesel (inkl. Pflanzenöl),Biogene Brennstoffe (flüssig),Biodiesel,,2. Erneuerbare,123,Biodiesel (inkl. Pflanzenöl),2. Erneuerbare!L123,2. Erneuerbare!M123,
6.1.1,Anbaufläche Ölpflanzen für Biodiesel,Biogene Brennstoffe (flüssig),Biodiesel Anbau,ha,2. Erneuerbare,124,Anbaufläche Ölpflanzen für Biodiesel,2. Erneuerbare!L124,2. Erneuerbare!M124,
6.1.1.1,Biodiesel – Energieertrag,Biogene Brennstoffe (flüssig),Biodiesel Details,MWh/ha/a,2. Erneuerbare,125,Biodiesel - Energieertrag,2. Erneuerbare!L125,2. Erneuerbare!M125,
6.1.1.2,Biodiesel aus eigenem Anbau,Biogene Brennstoffe (flüssig),Biodiesel Details,GWh/a,2. Erneuerbare,126,+ Biodiesel aus eigenem Anbau,2. Erneuerbare!L126,2. Erneuerbare!M126,
6.1.2,Biodiesel aus Import (+) / Export (-),Biogene Brennstoffe (flüssig),Biodiesel Anbau,GWh/a,2. Erneuerbare,128,+ Biodiesel aus Import (+) / Export (-),2. Erneuerbare!L128,2. Erneuerbare!M128,
6.1.3,Biodiesel Gesamtaufkommen,Biogene Brennstoffe (flüssig),Biodiesel Anbau,GWh/a,2. Erneuerbare,129,Biodiesel Gesamtaufkommen,2. Erneuerbare!L129,2. Erneuerbare!M129,
6.1.3.1,davon Einsatz für mobile Anwendungen,Biogene Brennstoffe (flüssig),Biodiesel Details,%,2. Erneuerbare,130,davon Einsatz für mobile Anwendungen,2. Erneuerbare!L130,2. Erneuerbare!M130,
6.1.3.1.1,Biokraftstoff (flüssig),Biogene Brennstoffe (flüssig),Biodiesel Details,GWh/a,2. Erneuerbare,120,Biokraftstoff (flüssig),2. Erneuerbare!L120,2. Erneuerbare!M120,
6.1.3.2,davon Einsatz für Verstromung,Biogene Brennstoffe (flüssig),Biodiesel Details,%,2. Erneuerbare,133,davon Einsatz für Verstromung,2. Erneuerbare!L133,2. Erneuerbare!M133,
6.1.3.2.1,Nutzungsgrad Blockheizkraftwerk,Biogene Brennstoffe (flüssig),Biodiesel Details,%,2. Erneuerbare,134,Nutzungsgrad Blockheizkraftwerk,2. Erneuerbare!L134,2. Erneuerbare!M134,
6.1.3.2.2,Bruttostromerzeugung,Biogene Brennstoffe (flüssig),Biodiesel Details,GWh/a,2. Erneuerbare,135,Bruttostromerzeugung,2. Erneuerbare!L135,2. Erneuerbare!M135,
6.1.3.2.3,Nutzungsgrad KWK-Abwärme effektiv,Biogene Brennstoffe (flüssig),Biodiesel Details,%,2. Erneuerbare,136,Nutzungsgrad KWK-Abwärme effektiv,2. Erneuerbare!L136,2. Erneuerbare!M136,
6.1.3.2.4,Gebäudewärme (Endenergie),Biogene Brennstoffe (flüssig),Biodiesel Details,GWh/a,2. Erneuerbare,137,Gebäudewärme (Endenergie),2. Erneuerbare!L137,2. Erneuerbare!M137,
6.2,Bioethanol,Biogene Brennstoffe (flüssig),Bioethanol,,2. Erneuerbare,139,Bioethanol,2. Erneuerbare!L139,2. Erneuerbare!M139,
6.2.1,Anbaufläche Energiepflanzen für Bioethanol,Biogene Brennstoffe (flüssig),Bioethanol Anbau,ha,2. Erneuerbare,57,Anbaufläche,2. Erneuerbare!L57,2. Erneuerbare!M57,
6.2.1.1,Bioethanol – Energieertrag (brutto),Biogene Brennstoffe (flüssig),Bioethanol Details,MWh/ha/a,2. Erneuerbare,141,Bioethanol - Energieertrag (brutto),2. Erneuerbare!L141,2. Erneuerbare!M141,
6.2.1.2,Bioethanol aus eigenem Anbau,Biogene Brennstoffe (flüssig),Bioethanol Details,GWh/a,2. Erneuerbare,142,+ Bioethanol aus eigenem Anbau,2. Erneuerbare!L142,2. Erneuerbare!M142,
6.2.2,Bioethanol aus Import (+) / Export (-),Biogene Brennstoffe (flüssig),Bioethanol Anbau,GWh/a,2. Erneuerbare,144,+ Bioethanol aus Import (+) / Export (-),2. Erneuerbare!L144,2. Erneuerbare!M144,
6.2.3,Bioethanol gesamt – Mobile Anwendungen,Biogene Brennstoffe (flüssig),Bioethanol Anbau,GWh/a,2. Erneuerbare,139,Bioethanol,2. Erneuerbare!L139,2. Erneuerbare!M139,
7,Umgebungswärme (Wärmepumpe),Umgebungswärme,Wärmepumpe,,2. Erneuerbare,147,Umgebungswärme (Wärmepumpe),2. Erneuerbare!L147,2. Erneuerbare!M147,
7.1,Wärmepumpen-Antriebsstromaufnahme,Umgebungswärme,Wärmepumpe,GWh/a,2. Erneuerbare,148,Wärmepumpen-Antriebsstromaufnahme,2. Erneuerbare!L148,2. Erneuerbare!M148,
7.1.1,davon Anlagen mit Luftkopplung,Umgebungswärme,Wärmepumpe,%,2. Erneuerbare,149,davon Anlagen mit Luftkopplung,2. Erneuerbare!L149,2. Erneuerbare!M149,
7.1.2,WP-Luft – Antriebsstromaufnahme,Umgebungswärme,Wärmepumpe,GWh/a,2. Erneuerbare,150,WP-Luft - Antriebsstromaufnahme,2. Erneuerbare!L150,2. Erneuerbare!M150,
7.1.2.1,WP-Luft – Jahresarbeitszahl,Umgebungswärme,Wärmepumpe,,2. Erneuerbare,151,WP-Luft - Jahresarbeitszahl,2. Erneuerbare!L151,2. Erneuerbare!M151,
7.1.2.2,Nutzwärme (inkl. Antriebsstrom),Umgebungswärme,Wärmepumpe,GWh/a,2. Erneuerbare,152,Nutzwärme (inkl. Antriebsstrom),2. Erneuerbare!L152,2. Erneuerbare!M152,
7.1.2.3,davon Wärmgewinn aus der Luft,Umgebungswärme,Wärmepumpe,GWh/a,2. Erneuerbare,153,davon Wärmgewinn aus der Luft,2. Erneuerbare!L153,2. Erneuerbare!M153,
7.1.3,davon Anlagen mit Erdreich-/Wasserkopplung,Umgebungswärme,Wärmepumpe,%,,,,,,NO_SECTION_MATCH: cat='Umgebungswärme' sub='Wärmepumpe' name='davon Anlagen mit Erdreich-/Wasserkopplung' (fallback section walk did not find a row)
7.1.4,Biogene Kraftstoffe (Wärme),EE,,MWh,,,,,,NO_SECTION_MATCH: cat='EE' sub='' name='Biogene Kraftstoffe (Wärme)' (fallback section walk did not find a row)
7.1.4.1,WP-Erdr./Wasser – Jahresarbeitszahl,Umgebungswärme,Wärmepumpe,,2. Erneuerbare,157,WP-Erdr.-/Wasser - Jahresarbeitszahl,2. Erneuerbare!L157,2. Erneuerbare!M157,
7.1.4.2,Nutzwärme (inkl. Antriebsstrom),Umgebungswärme,Wärmepumpe,GWh/a,2. Erneuerbare,152,Nutzwärme (inkl. Antriebsstrom),2. Erneuerbare!L152,2. Erneuerbare!M152,
7.1.4.3,davon Wärmgewinn Erdreich/Grundwasser,Umgebungswärme,Wärmepumpe,GWh/a,2. Erneuerbare,159,davon Wärmgewinn Erdreich/Grundwasser,2. Erneuerbare!L159,2. Erneuerbare!M159,
7.1.4.3.1,Wärmeertrag Erdreich/Grundwasser,Umgebungswärme,Wärmepumpe,MWh/ha/a,2. Erneuerbare,160,/ Wärmeertrag Erdreich/Grundwasser,2. Erneuerbare!L160,2. Erneuerbare!M160,
7.1.4.3.2,Beanspruchte Entzugsfläche,Umgebungswärme,Wärmepumpe,ha,2. Erneuerbare,161,Beanspruchte Entzugsfläche,2. Erneuerbare!L161,2. Erneuerbare!M161,
7.1.4.3.3,Gebäude- & Freifläche (Siedlung),Umgebungswärme,Wärmepumpe,ha,2. Erneuerbare,162,/ Gebäude-&Freifläche (Siedlung),2. Erneuerbare!L162,2. Erneuerbare!M162,
7.1.4.3.4,Anteil beanspruchter Siedlungsfläche,Umgebungswärme,Wärmepumpe,%,2. Erneuerbare,163,Anteil beanspruchter Siedlungsfläche,2. Erneuerbare!L163,2. Erneuerbare!M163,
8,Tiefengeothermie,Tiefengeothermie,Geothermie,,2. Erneuerbare,165,Tiefengeothermie,2. Erneuerbare!L165,2. Erneuerbare!M165,
8.1,Netzanschlussleistung (elektrisch),Tiefengeothermie,Geothermie,MW,2. Erneuerbare,166,Netzanschlussleistung (elektrisch),2. Erneuerbare!L166,2. Erneuerbare!M166,
8.1.1,Stromerzeugung – Vollbetriebsstunden,Tiefengeothermie,Geothermie,h/a,2. Erneuerbare,167,Stromerzeugung - Vollbetriebsstunden,2. Erneuerbare!L167,2. Erneuerbare!M167,
8.1.2,Bruttostromerzeugung,Tiefengeothermie,Geothermie,GWh/a,2. Erneuerbare,15,Bruttostromerzeugung,2. Erneuerbare!L15,2. Erneuerbare!M15,
8.2,Gebäudewärmebereitstellung (Endenergie),Tiefengeothermie,Geothermie,GWh/a,2. Erneuerbare,178,Gebäudewärmebereitstellung (Endenergie),2. Erneuerbare!L178,2. Erneuerbare!M178,
9,Stromwandlung / Stromspeicherung,Stromwandlung,Stromspeicherung,,2. Erneuerbare,180,Stromwandlung / Stromspeicherung,2. Erneuerbare!L180,2. Erneuerbare!M180,
9.1,Bruttostromerzeugung aus Erneuerbaren Energien gesamt (inkl. Abregelung),Stromwandlung,Stromwandlung,GWh/a,2. Erneuerbare,15,Bruttostromerzeugung,2. Erneuerbare!L15,2. Erneuerbare!M15,
9.1.1,aus Windenergie,Stromwandlung,Stromwandlung,GWh/a,2. Erneuerbare,182,+ > aus Windenergie,2. Erneuerbare!L182,2. Erneuerbare!M182,
9.1.2,aus Solarenergie (Photovoltaik),Stromwandlung,Stromwandlung,GWh/a,2. Erneuerbare,183,+ > aus Solarenergie (Photovoltaik),2. Erneuerbare!L183,2. Erneuerbare!M183,
9.1.3,aus Wasserkraft + Tiefengeothermie,Stromwandlung,Stromwandlung,GWh/a,2. Erneuerbare,184,+ > aus Wasserkraft + Tiefengeothermie,2. Erneuerbare!L184,2. Erneuerbare!M184,
9.1.4,aus Biobrennstoffen,Stromwandlung,Stromwandlung,GWh/a,2. Erneuerbare,185,+ > aus Biobrennstoffen,2. Erneuerbare!L185,2. Erneuerbare!M185,
9.2,Bruttostromerzeugung Erneuerbar (inkl. Abregelung),Stromwandlung,Stromwandlung,GWh/a,2. Erneuerbare,15,Bruttostromerzeugung,2. Erneuerbare!L15,2. Erneuerbare!M15,
9.2.1,"Wasser-Elektrolyse (H₂ für Brennstoff, Kraftstoff- und Grundstoff-Synthese)",Stromwandlung,Stromwandlung,,2. Erneuerbare,188,"Wasser-Elektrolyse (H2 für Brennstoff, Kraftstoff- und Grundstoff-Synthese)",2. Erneuerbare!L188,2. Erneuerbare!M188,
9.2.1.1,Wasserstoff als Brennstoff für PW,Stromwandlung,Stromwandlung,GWh/a,2. Erneuerbare,189,+ Wasserstoff als Brennstoff für PW,2. Erneuerbare!L189,2. Erneuerbare!M189,
9.2.1.1.1,Wasserstoff (komprim.) f. FC-Traktion,Stromwandlung,Stromwandlung,GWh/a,2. Erneuerbare,191,Wasserstoff (komprim.) f.FC-Traktion,2. Erneuerbare!L191,2. Erneuerbare!M191,
9.2.1.1.1.1,Nutzungsgrad tankfähiger Wasserstoff,Stromwandlung,Stromwandlung,%,2. Erneuerbare,192,/ Nutzungsgrad tankfähiger Wasserstoff,2. Erneuerbare!L192,2. Erneuerbare!M192,
9.2.1.1.2,Wasserstoff für MA mit FC-Traktion,Stromwandlung,Stromwandlung,GWh/a,2. Erneuerbare,193,+ Wasserstoff für MA mit FC-Traktion,2. Erneuerbare!L193,2. Erneuerbare!M193,
9.2.1.2,Kraftstoff (gasförm. Methan) für MA aus H₂,Stromwandlung,Stromwandlung,GWh/a,,,,,,NO_SECTION_MATCH: cat='Stromwandlung' sub='Stromwandlung' name='Kraftstoff (gasförm. Methan) für MA aus H₂' (fallback section walk did not find a row)
9.2.1.2.1,Nutzungsgrad Methansynthese,Stromwandlung,Stromwandlung,%,2. Erneuerbare,196,/ Nutzungsgrad Methansynthese,2. Erneuerbare!L196,2. Erneuerbare!M196,
9.2.1.2.2,Wasserstoff für Kraftstoffsynthese,Stromwandlung,Stromwandlung,GWh/a,2. Erneuerbare,197,+ Wasserstoff für Kraftstoffsynthese,2. Erneuerbare!L197,2. Erneuerbare!M197,
9.2.1.3,Kraftstoffe (flüssig) für MA aus H₂,Stromwandlung,Stromwandlung,GWh/a,2. Erneuerbare,199,Kraftstoffe (flüssig)  für MA aus H2,2. Erneuerbare!L199,2. Erneuerbare!M199,
9.2.1.3.1,Nutzungsgrad Kraftstofferzeugung,Stromwandlung,Stromwandlung,%,2. Erneuerbare,119,Nutzungsgrad Kraftstofferzeugung,2. Erneuerbare!L119,2. Erneuerbare!M119,
9.2.1.3.2,Wasserstoff für Kraftstoffsynthese,Stromwandlung,Stromwandlung,GWh/a,2. Erneuerbare,197,+ Wasserstoff für Kraftstoffsynthese,2. Erneuerbare!L197,2. Erneuerbare!M197,
9.2.1.4,Synth. Methan als Grundstoff,Stromwandlung,Stromwandlung,GWh/a,2. Erneuerbare,202,Synth. Methan als Grundstoff,2. Erneuerbare!L202,2. Erneuerbare!M202,
9.2.1.4.1,Nutzungsgrad Methansynthese,Stromwandlung,Stromwandlung,%,2. Erneuerbare,196,/ Nutzungsgrad Methansynthese,2. Erneuerbare!L196,2. Erneuerbare!M196,
9.2.1.4.2,Wasserstoff für Grundstoffsynthese,Stromwandlung,Stromwandlung,GWh/a,2. Erneuerbare,204,+ Wasserstoff für Grundstoffsynthese,2. Erneuerbare!L204,2. Erneuerbare!M204,
9.2.1.5,Wasserstofferzeugung,Stromwandlung,Stromwandlung,GWh/a,2. Erneuerbare,205,Wasserstofferzeugung,2. Erneuerbare!L205,2. Erneuerbare!M205,
9.2.1.5.1,Nutzungsgrad Wasserelektrolyse,Stromwandlung,Stromwandlung,%,2. Erneuerbare,206,/ Nutzungsgrad Wasserelektrolyse,2. Erneuerbare!L206,2. Erneuerbare!M206,
9.2.1.5.2,Stromeinsatz Wasserstofferzeugung,Stromwandlung,Stromwandlung,GWh/a,2. Erneuerbare,205,Wasserstofferzeugung,2. Erneuerbare!L205,2. Erneuerbare!M205,
9.2.1.5.2.1,davon in der Zielregion,Stromwandlung,Stromwandlung,GWh/a,2. Erneuerbare,208,- davon in der Zielregion,2. Erneuerbare!L208,2. Erneuerbare!M208,
9.2.1.5.2.2,davon extern für Importwasserstoff,Stromwandlung,Stromwandlung,GWh/a,,,,,,NO_SECTION_MATCH: cat='Stromwandlung' sub='Stromwandlung' name='davon extern für Importwasserstoff' (fallback section walk did not find a row)
9.3,Langzeitspeicherung Strom stofflich (saisonaler Ausgleich > 1 Tag),Stromwandlung,Stromspeicherung,,2. Erneuerbare,211,Langzeitspeicherung Strom stofflich (saisonaler Ausgleich > 1 Tag),2. Erneuerbare!L211,2. Erneuerbare!M211,
9.3.1,Stromaufnahme (Überschussphasen),Stromwandlung,Stromwandlung,GWh/a,2. Erneuerbare,212,- Stromaufnahme (Überschussphasen),2. Erneuerbare!L212,2. Erneuerbare!M212,
9.3.1.1,Nutzungsgrad Stromspeicherung,Stromwandlung,Stromspeicherung,%,2. Erneuerbare,213,Nutzungsgrad Stromspeicherung,2. Erneuerbare!L213,2. Erneuerbare!M213,
9.3.1.2,Stromabgabe (Mangelphasen),Stromwandlung,Stromwandlung,GWh/a,2. Erneuerbare,214,+ Stromabgabe (Mangelphasen),2. Erneuerbare!L214,2. Erneuerbare!M214,
9.3.2,Nutzungsgrad KWK-Abwärme effektiv,Stromwandlung,Stromwandlung,%,2. Erneuerbare,86,Nutzungsgrad KWK-Abwärme effektiv,2. Erneuerbare!L86,2. Erneuerbare!M86,
9.3.2.1,Gebäudewärme (Endenergie),Stromwandlung,Stromwandlung,GWh/a,2. Erneuerbare,112,Gebäudewärme (Endenergie),2. Erneuerbare!L112,2. Erneuerbare!M112,
9.3.3,Erforderliche Speicherkapazität,Stromwandlung,Stromspeicherung,GWh,2. Erneuerbare,219,Erforderliche Speicherkapazität,2. Erneuerbare!L219,2. Erneuerbare!M219,
9.3.4,Abregelung von Wind-/Solarstrom,Stromwandlung,Stromwandlung,GWh/a,2. Erneuerbare,220,- Abregelung von Wind-/Solarstrom,2. Erneuerbare!L220,2. Erneuerbare!M220,
9.4,Stromangebot aus Erneuerbaren Energien (EE),Stromwandlung,Stromwandlung,,2. Erneuerbare,224,Stromangebot aus Erneuerbaren E.,2. Erneuerbare!L224,2. Erneuerbare!M224,
9.4.1,Stromangebot aus eigenen Erneuerb. E.,Stromwandlung,Stromwandlung,GWh/a,2. Erneuerbare,222,Stromangebot aus eigenen Erneuerb.E.,2. Erneuerbare!L222,2. Erneuerbare!M222,
9.4.2,Stromeinfuhr (Erneuerb.) aus dem Ausland,Stromwandlung,Stromwandlung,GWh/a,,,,,,NO_SECTION_MATCH: cat='Stromwandlung' sub='Stromwandlung' name='Stromeinfuhr (Erneuerb.) aus dem Ausland' (fallback section walk did not find a row)
9.4.3,Stromangebot aus Erneuerbaren E. (gesamt),Stromwandlung,Stromwandlung,GWh/a,2. Erneuerbare,224,Stromangebot aus Erneuerbaren E.,2. Erneuerbare!L224,2. Erneuerbare!M224,
9.4.3.1,Übertragungsverluste Stromnetz,Stromwandlung,Stromwandlung,%,2. Erneuerbare,225,Übertragungsverluste Stromnetz,2. Erneuerbare!L225,2. Erneuerbare!M225,
9.4.3.2,inkl. Kurzzeitspeicher,Stromwandlung,Stromspeicherung,GWh/a,2. Erneuerbare,226,- inkl. Kurzzeitspeicher,2. Erneuerbare!L226,2. Erneuerbare!M226,
9.4.3.3,Stromangebot Erneuerb. (Endenergie),Stromwandlung,Stromwandlung,GWh/a,,,,,,NO_SECTION_MATCH: cat='Stromwandlung' sub='Stromwandlung' name='Stromangebot Erneuerb. (Endenergie)' (fallback section walk did not find a row)
